0.008333334,-3.29E-05
0.01666667,-4.38E-05
0.025,-5.14E-05
0.03333334,-4.51E-05
0.04166667,-1.18E-05
0.05,6.17E-05
0.05833333,0.000187449
0.06666667,0.000374246
0.075,0.000625227
0.08333334,0.000935689
0.09166667,0.001292668
0.1,0.001674969
0.1083333,0.002053779
0.1166667,0.002396759
0.125,0.002674997
0.1333333,0.002868228
0.1416667,0.002966959
0.15,0.002973508
0.1583333,0.002901491
0.1666667,0.002771787
0.175,0.002606545
0.1833333,0.002424665
0.1916667,0.002240263
0.2,0.002062697
0.2083333,0.001897059
0.2166667,0.001745105
0.225,0.00160677
0.2333333,0.001481451
0.2416667,0.001367941
0.25,0.001263775
0.2583333,0.001165602
0.2666667,0.001070876
0.275,0.000979126
0.2833333,0.000891347
0.2916667,0.000808261
0.3,0.000729274
0.3083333,0.000652976
0.3166667,0.000578363
0.325,0.000505611
0.3333333,0.000435572
0.3416667,0.000368707
0.35,0.000304889
0.3583333,0.000244267
0.3666667,0.000187822
0.375,0.000136402
0.3833333,8.93E-05
0.3916667,4.49E-05
0.4,2.01E-06
0.4083333,-3.96E-05
0.4166667,-8.03E-05
0.425,-0.000120677
0.4333333,-0.000161015
0.4416667,-0.000200365
0.45,-0.000237081
0.4583333,-0.000269305
0.4666667,-0.000295948
0.475,-0.000317734
0.4833333,-0.000336815
0.4916667,-0.000355553
0.5,-0.000375655
0.5083333,-0.000397243
0.5166667,-0.00041863
0.525,-0.000437859
0.5333334,-0.000454515
0.5416667,-0.000469595
0.55,-0.000483997
0.5583333,-0.000497297
0.5666667,-0.000507787
0.575,-0.000513881
0.5833333,-0.000515528
0.5916666,-0.000514071
0.6,-0.000510819
0.6083333,-0.000506353
0.6166667,-0.000500891
0.625,-0.00049454
0.6333333,-0.000487153
0.6416667,-0.000478365
0.65,-0.000467729
0.6583334,-0.000455018
0.6666667,-0.000440612
0.675,-0.000425324
0.6833333,-0.000409547
0.6916667,-0.000392687
0.7,-0.000373807
0.7083333,-0.000352584
0.7166666,-0.000329189
0.725,-0.000304051
0.7333333,-0.000278574
0.7416667,-0.000255
0.75,-0.000234857
0.7583333,-0.000217702
0.7666667,-0.000201512
0.775,-0.000184074
0.7833334,-0.000164084
0.7916667,-0.000141613
0.8,-0.000118163
0.8083333,-9.58E-05
0.8166667,-7.56E-05
0.825,-5.73E-05
0.8333333,-3.96E-05
0.8416666,-2.17E-05
0.85,-3.04E-06
0.8583333,1.68E-05
0.8666667,3.81E-05
0.875,6.05E-05
0.8833333,8.26E-05
0.8916667,0.000103395
0.9,0.00012283
0.9083334,0.000141781
0.9166667,0.000161059
0.925,0.000181407
0.9333333,0.000203881
0.9416667,0.000229258
0.95,0.000257202
0.9583333,0.00028659
0.9666666,0.000316463
0.975,0.0003465
0.9833333,0.000376973
0.9916667,0.000407811
1,0.000437602
1.008333,0.000464063
1.016667,0.000485733
1.025,0.000503231
1.033333,0.000519194
1.041667,0.000536576
1.05,0.000556711
1.058333,0.000578705
1.066667,0.000599921
1.075,0.000617355
1.083333,0.000629548
1.091667,0.000637442
1.1,0.000643317
1.108333,0.000649273
1.116667,0.000656404
1.125,0.000664856
1.133333,0.000674266
1.141667,0.000684388
1.15,0.000695396
1.158333,0.000707213
1.166667,0.000718828
1.175,0.000728775
1.183333,0.000736341
1.191667,0.000742246
1.2,0.000748113
1.208333,0.000755142
1.216667,0.000763059
1.225,0.000770535
1.233333,0.000776876
1.241667,0.000782821
1.25,0.000789736
1.258333,0.00079814
1.266667,0.000807103
1.275,0.000814963
1.283333,0.000820719
1.291667,0.000824768
1.3,0.000828408
1.308333,0.000832737
1.316667,0.000838112
1.325,0.00084443
1.333333,0.000851698
1.341667,0.000860326
1.35,0.000870381
1.358333,0.000880294
1.366667,0.000887387
1.375,0.000890579
1.383333,0.00089198
1.391667,0.000894912
1.4,0.00090066
1.408333,0.000907771
1.416667,0.000914138
1.425,0.000918958
1.433333,0.000922822
1.441667,0.000926431
1.45,0.000929572
1.458333,0.000931718
1.466667,0.000933435
1.475,0.000936616
1.483333,0.000942811
1.491667,0.000951488
1.5,0.000960246
1.508333,0.000966825
1.516667,0.000970807
1.525,0.000973504
1.533333,0.000976693
1.541667,0.000981435
1.55,0.000987668
1.558333,0.00099488
1.566667,0.001003094
1.575,0.001012504
1.583333,0.001022182
1.591667,0.001029983
1.6,0.001034301
1.608333,0.001035348
1.616667,0.001034502
1.625,0.001033202
1.633333,0.001032904
1.641667,0.001035035
1.65,0.001040127
1.658333,0.001047034
1.666667,0.001053389
1.675,0.001057114
1.683333,0.001057781
1.691667,0.001056779
1.7,0.001056105
1.708333,0.001057025
1.716667,0.001059517
1.725,0.001062661
1.733333,0.001065396
1.741667,0.001067013
1.75,0.00106734
1.758333,0.001066875
1.766667,0.001066744
1.775,0.001068104
1.783333,0.001071163
1.791667,0.001075059
1.8,0.001078844
1.808333,0.001082245
1.816667,0.00108555
1.825,0.001089182
1.833333,0.001093086
1.841667,0.001096535
1.85,0.00109889
1.858333,0.001100499
1.866667,0.001102399
1.875,0.001104984
1.883333,0.001107547
1.891667,0.00110947
1.9,0.001111176
1.908333,0.001113325
1.916667,0.001115594
1.925,0.00111698
1.933333,0.001116969
1.941667,0.001115978
1.95,0.001114782
1.958333,0.001113892
1.966667,0.001113303
1.975,0.001112871
1.983333,0.001113001
1.991667,0.001114476
2,0.001117516
2.008333,0.001121625
2.016667,0.001126323
2.025,0.001131203
2.033333,0.001135506
2.041667,0.001138225
2.05,0.001138728
2.058333,0.001137167
2.066667,0.001134638
2.075,0.001133155
2.083333,0.001134761
2.091667,0.001139916
2.1,0.001146957
2.108333,0.001153391
2.116667,0.001157433
2.125,0.001158532
2.133333,0.001157343
2.141667,0.001155537
2.15,0.00115509
2.158333,0.001157109
2.166667,0.001161132
2.175,0.001165859
2.183333,0.00117049
2.191667,0.001174852
2.2,0.001178689
2.208333,0.001181602
2.216667,0.001183238
2.225,0.00118367
2.233333,0.00118421
2.241667,0.001187012
2.25,0.001192786
2.258333,0.001199502
2.266667,0.001203857
2.275,0.001203861
2.283333,0.001200147
2.291667,0.001195367
2.3,0.001192518
2.308333,0.001193378
2.316667,0.001197945
2.325,0.001204833
2.333333,0.001212392
2.341667,0.001219671
2.35,0.001226116
2.358333,0.001230758
2.366667,0.00123262
2.375,0.001231678
2.383333,0.001229063
2.391667,0.001226742
2.4,0.00122707
2.408333,0.001232836
2.416667,0.001247905
2.425,0.001276661
2.433333,0.001320444
2.441667,0.001373906
2.45,0.00142647
2.458333,0.001468807
2.466667,0.00149788
2.475,0.001516115
2.483333,0.001527306
2.491667,0.001533955
2.5,0.001537267
2.508333,0.001538113
2.516667,0.001537044
2.525,0.001533851
2.533333,0.001528066
2.541667,0.001519483
2.55,0.001507822
2.558333,0.001492932
2.566667,0.001475759
2.575,0.001458187
2.583333,0.001441687
2.591667,0.001426484
2.6,0.001411993
2.608333,0.001397543
2.616667,0.00138269
2.625,0.001367193
2.633333,0.001351025
2.641667,0.001334611
2.65,0.001319211
2.658333,0.0013071
2.666667,0.001300775
2.675,0.001301043
2.683333,0.00130602
2.691667,0.001313437
2.7,0.001325767
2.708333,0.00135402
2.716667,0.001417473
2.725,0.00154005
2.733333,0.001744572
2.741667,0.002046086
2.75,0.002447382
2.758333,0.002938844
2.766667,0.003502861
2.775,0.004120193
2.783333,0.004774053
2.791667,0.005450752
2.8,0.006139744
2.808333,0.006834429
2.816667,0.007532209
2.825,0.008233353
2.833333,0.008939222
2.841667,0.009650197
2.85,0.01036451
2.858333,0.01107948
2.866667,0.01179326
2.875,0.01250477
2.883333,0.01321234
2.891667,0.01391407
2.9,0.01460982
2.908333,0.01530175
2.916667,0.01599214
2.925,0.01668162
2.933333,0.01736979
2.941667,0.01805662
2.95,0.01874236
2.958333,0.01942378
2.966667,0.02008679
2.975,0.02072917
2.983333,0.02153371
2.991667,0.02327426
3,0.02764105
3.008333,0.03674155
3.016667,0.05141534
3.025,0.06958597
3.033333,0.08681266
3.041667,0.09874891
3.05,0.1025211
3.058333,0.09635493
3.066667,0.08004504
3.075,0.05687365
3.083333,0.03352235
3.091667,0.01614043
3.1,0.006602377
3.108333,0.002896085
3.116667,0.002013113
3.125,0.001964223
3.133333,0.002001617
3.141667,0.002004672
3.15,0.001994308
3.158333,0.001984224
3.166667,0.001975968
3.175,0.001968514
3.183333,0.001961697
3.191667,0.00195609
3.2,0.001951691
3.208333,0.001947943
3.216667,0.00194503
3.225,0.001944471
3.233333,0.001948245
3.241667,0.001957361
3.25,0.001970876
3.258333,0.001985695
3.266667,0.001997728
3.275,0.002004243
3.283333,0.002005611
3.291667,0.002004813
3.3,0.002005275
3.308333,0.002008632
3.316667,0.002014242
3.325,0.002020661
3.333333,0.00202702
3.341667,0.002032902
3.35,0.002037704
3.358333,0.00204093
3.366667,0.002042733
3.375,0.002043676
3.383333,0.002044495
3.391667,0.002046205
3.4,0.002049576
3.408333,0.002054501
3.416667,0.002060249
3.425,0.002066154
3.433333,0.00207188
3.441667,0.002077002
3.45,0.002080575
3.458333,0.002081957
3.466667,0.002082266
3.475,0.002084147
3.483333,0.002089664
3.491667,0.00209843
3.5,0.002107907
3.508333,0.002115499
3.516667,0.002120171
3.525,0.002122309
3.533333,0.002122775
3.541667,0.002122164
3.55,0.002121128
3.558333,0.002121225
3.566667,0.002124358
3.575,0.002130907
3.583333,0.002139468
3.591667,0.002148263
3.6,0.002155878
3.608333,0.002161499
3.616667,0.002165575
3.625,0.002169851
3.633333,0.002175882
3.641667,0.002183329
3.65,0.002190057
3.658333,0.002194311
3.666667,0.002196316
3.675,0.002197593
3.683333,0.00219965
3.691667,0.002203532
3.7,0.002209585
3.708333,0.002216861
3.716667,0.002223179
3.725,0.002226654
3.733333,0.00222737
3.741667,0.002227176
3.75,0.002227902
3.758333,0.002230227
3.766667,0.002233986
3.775,0.002239048
3.783333,0.002245691
3.791667,0.002254114
3.8,0.002263591
3.808333,0.002272382
3.816667,0.002278775
3.825,0.002282407
3.833333,0.00228443
3.841667,0.002286281
3.85,0.002288558
3.858333,0.002291456
3.866667,0.002295684
3.875,0.002302032
3.883333,0.002309848
3.891667,0.00231687
3.9,0.002320889
3.908333,0.0023215
3.916667,0.00232042
3.925,0.002320062
3.933333,0.002321735
3.941667,0.002325334
3.95,0.002330273
3.958333,0.002336007
3.966667,0.002341848
3.975,0.00234697
3.983333,0.002350863
3.991667,0.002353299
4,0.002353899
4.008333,0.002352502
4.016667,0.002350286
4.025,0.002349388
4.033333,0.002351142
4.041667,0.002355292
4.05,0.002360772
4.058333,0.002366748
4.066667,0.002372786
4.075,0.002378304
4.083333,0.002382696
4.091667,0.002386007
4.1,0.002388518
4.108333,0.00238996
4.116667,0.002390079
4.125,0.00238961
4.133333,0.002389662
4.141667,0.00239015
4.15,0.002389845
4.158333,0.002388339
4.166667,0.002386961
4.175,0.002387114
4.183333,0.002388492
4.191667,0.00238923
4.2,0.002387755
4.208333,0.002384342
4.216667,0.002381168
4.225,0.002380908
4.233333,0.002384711
4.241667,0.002390958
4.25,0.002396412
4.258333,0.002398975
4.266667,0.002399147
4.275,0.002398796
4.283333,0.002398968
4.291667,0.002399109
4.3,0.002398424
4.308333,0.002397198
4.316667,0.002396487
4.325,0.00239696
4.333333,0.002398405
4.341667,0.002400342
4.35,0.002402686
4.358333,0.002405372
4.366667,0.002407975
4.375,0.00241017
4.383333,0.002411872
4.391667,0.002412882
4.4,0.002412952
4.408333,0.002412278
4.416667,0.002411775
4.425,0.00241271
4.433333,0.002415627
4.441667,0.002419669
4.45,0.002423264
4.458333,0.002425633
4.466667,0.002427395
4.475,0.002429426
4.483333,0.002431329
4.491667,0.002431624
4.5,0.002429482
4.508333,0.002425827
4.516667,0.002422474
4.525,0.002420451
4.533333,0.002419535
4.541667,0.002419345
4.55,0.002419904
4.558333,0.002421126
4.566667,0.002422526
4.575,0.002423406
4.583333,0.002423186
4.591667,0.00242183
4.6,0.002419814
4.608333,0.002417941
4.616667,0.002417665
4.625,0.002421156
4.633333,0.002430063
4.641667,0.002444036
4.65,0.002461072
4.658333,0.00247917
4.666667,0.002497308
4.675,0.00251526
4.683333,0.002533022
4.691667,0.002550427
4.7,0.002566818
4.708333,0.002581075
4.716667,0.002592493
4.725,0.002601828
4.733333,0.002611276
4.741667,0.002623111
4.75,0.002638314
4.758333,0.002656415
4.766667,0.002676338
4.775,0.002697304
4.783333,0.002719209
4.791667,0.002741892
4.8,0.002763841
4.808333,0.002782419
4.816667,0.002795555
4.825,0.002802808
4.833333,0.002805121
4.841667,0.002804108
4.85,0.002801485
4.858333,0.002798963
4.866667,0.002798129
4.875,0.002799727
4.883333,0.002803069
4.891667,0.00280679
4.9,0.00280977
4.908333,0.002811182
4.916667,0.00281062
4.925,0.002808493
4.933333,0.002805606
4.941667,0.002802249
4.95,0.002798241
4.958333,0.002793986
4.966667,0.002790935
4.975,0.002789117
4.983333,0.002778172
4.991667,0.002722304
5,0.002554115
5.008333,0.002204154
5.016667,0.001669273
5.025,0.001057856
5.033333,0.000533674
5.041667,0.000198577
5.05,4.29E-05
5.058333,-5.42E-06
5.066667,-1.33E-05
5.075,-1.44E-05
5.083333,-1.73E-05
5.091667,-2.11E-05
5.1,-2.45E-05
5.108333,-2.73E-05
5.116667,-2.96E-05
5.125,-3.19E-05
5.133333,-3.50E-05
5.141667,-3.91E-05
5.15,-4.39E-05
5.158333,-4.82E-05
5.166667,-5.17E-05
5.175,-5.45E-05
5.183333,-5.66E-05
5.191667,-5.74E-05
5.2,-5.67E-05
5.208333,-5.57E-05
5.216667,-5.68E-05
5.225,-6.12E-05
5.233333,-6.81E-05
5.241667,-7.51E-05
5.25,-7.97E-05
5.258333,-8.15E-05
5.266667,-8.18E-05
5.275,-8.18E-05
5.283333,-8.18E-05
5.291667,-8.12E-05
5.3,-8.01E-05
5.308333,-7.95E-05
5.316667,-8.12E-05
5.325,-8.65E-05
5.333333,-9.49E-05
5.341667,-0.000105064
5.35,-0.000115648
5.358333,-0.000125203
5.366667,-0.000131931
5.375,-0.000134688
5.383333,-0.00013433
5.391667,-0.000133406
5.4,-0.000134204
5.408333,-0.0001374
5.416667,-0.00014231
5.425,-0.000147671
5.433333,-0.00015216
5.441667,-0.000154693
5.45,-0.000154983
5.458333,-0.000154279
5.466667,-0.000154916
5.475,-0.000158314
5.483333,-0.000163555
5.491667,-0.000167817
5.5,-0.000168528
5.508333,-0.000165962
5.516667,-0.000163231
5.525,-0.000163022
5.533333,-0.000165451
5.541667,-0.000169437
5.55,-0.000174347
5.558333,-0.00017957
5.566667,-0.000183761
5.575,-0.000185464
5.583333,-0.000184529
5.591667,-0.000182666
5.6,-0.000182148
5.608333,-0.000183854
5.616667,-0.000186853
5.625,-0.000189629
5.633333,-0.00019116
5.641667,-0.000191122
5.65,-0.000189934
5.658333,-0.000188373
5.666667,-0.000186823
5.675,-0.000185236
5.683333,-0.000183709
5.691667,-0.000182904
5.7,-0.000183627
5.708333,-0.000185698
5.716667,-0.000187647
5.725,-0.000187784
5.733333,-0.000185479
5.741667,-0.000181891
5.75,-0.000179518
5.758333,-0.000180155
5.766667,-0.000183057
5.775,-0.000185423
5.783333,-0.000184778
5.791667,-0.000181027
5.8,-0.000176441
5.808333,-0.000173632
5.816667,-0.000173692
5.825,-0.000176072
5.833333,-0.00017922
5.841667,-0.00018109
5.85,-0.000180136
5.858333,-0.000176489
5.866667,-0.000171863
5.875,-0.000168223
5.883333,-0.000166588
5.891667,-0.000166617
5.9,-0.000167485
5.908333,-0.000168718
5.916667,-0.000169974
5.925,-0.000170663
5.933333,-0.000170197
5.941667,-0.000168532
5.95,-0.00016636
5.958333,-0.000164222
5.966667,-0.000161752
5.975,-0.000158753
5.983333,-0.000156444
5.991667,-0.000156503
6,-0.000158839
6.008333,-0.000161279
6.016667,-0.00016164
6.025,-0.000159506
6.033333,-0.000156276
6.041667,-0.000153996
6.05,-0.000153668
6.058333,-0.00015422
6.066667,-0.000153635
6.075,-0.000151083
6.083333,-0.000147265
6.091667,-0.000142947
6.1,-0.000137918
6.108333,-0.000131615
6.116667,-0.000124518
6.125,-0.000118557
6.133333,-0.000115924
6.141667,-0.000116959
6.15,-0.000119202
6.158333,-0.00011842
6.166667,-0.000109304
6.175,-8.45E-05
6.183333,-3.51E-05
6.191667,4.63E-05
6.2,0.000159442
6.208333,0.000291675
6.216667,0.000418853
6.225,0.000512123
6.233333,0.000548247
6.241667,0.000518687
6.25,0.000433784
6.258333,0.00031944
6.266667,0.000206523
6.275,0.000117667
6.283333,5.98E-05
6.291667,2.75E-05
6.3,1.23E-05
6.308333,8.77E-06
6.316667,1.39E-05
6.325,2.42E-05
6.333333,3.55E-05
6.341667,4.41E-05
6.35,4.77E-05
6.358333,4.58E-05
6.366667,4.09E-05
6.375,3.62E-05
6.383333,3.32E-05
6.391667,3.16E-05
6.4,3.00E-05
6.408333,2.79E-05
6.416667,2.59E-05
6.425,2.51E-05
6.433333,2.55E-05
6.441667,2.53E-05
6.45,2.27E-05
6.458333,1.71E-05
6.466667,1.02E-05
6.475,4.97E-06
6.483333,3.16E-06
6.491667,4.49E-06
6.5,6.75E-06
6.508333,7.63E-06
6.516667,6.36E-06
6.525,3.81E-06
6.533333,1.84E-06
6.541667,2.96E-06
6.55,8.93E-06
6.558333,9.54E-06
6.566667,-4.74E-05
6.575,-0.000284042
6.583333,-0.000861678
6.591667,-0.001852568
6.6,-0.003100801
6.608333,-0.004261393
6.616667,-0.005041081
6.625,-0.005383071
6.633333,-0.005420323
6.641667,-0.005318161
6.65,-0.005178209
6.658333,-0.005035784
6.666667,-0.00489505
6.675,-0.004754525
6.683333,-0.00461448
6.691667,-0.004476234
6.7,-0.004340522
6.708333,-0.004206628
6.716667,-0.004072644
6.725,-0.003936715
6.733333,-0.003797997
6.741667,-0.00365695
6.75,-0.003515217
6.758333,-0.003374822
6.766667,-0.003236648
6.775,-0.003100131
6.783333,-0.002964593
6.791667,-0.00282982
6.8,-0.002695449
6.808333,-0.002560757
6.816667,-0.002425157
6.825,-0.002288427
6.833333,-0.002150815
6.841667,-0.002013169
6.85,-0.00187644
6.858333,-0.001740944
6.866667,-0.001606289
6.875,-0.001471862
6.883333,-0.001337007
6.891667,-0.001201186
6.9,-0.00106464
6.908333,-0.000928581
6.916667,-0.000794161
6.925,-0.000661437
6.933333,-0.000529826
6.941667,-0.000399128
6.95,-0.000269387
6.958333,-0.000140056
6.966667,-1.02E-05
6.975,0.000120495
6.983333,0.000251245
6.991667,0.00038049
7,0.000507105
7.008333,0.000631139
7.016667,0.000753455
7.025,0.000875417
7.033333,0.000998739
7.041667,0.001122933
7.05,0.001239292
7.058333,0.001326062
7.066667,0.001352511
7.075,0.001296833
7.083333,0.001169503
7.091667,0.001017295
7.1,0.000894602
7.108333,0.000827543
7.116667,0.000805482
7.125,0.0007996
7.133333,0.000784293
7.141667,0.000747114
7.15,0.00068856
7.158333,0.000617322
7.166667,0.00054431
7.175,0.000477843
7.183333,0.000421468
7.191667,0.00037444
7.2,0.000333976
7.208333,0.000297651
7.216667,0.000264555
7.225,0.000235077
7.233333,0.000209775
7.241667,0.000188105
7.25,0.000168983
7.258333,0.000152987
7.266667,0.0001426
7.275,0.00013965
7.283333,0.000143334
7.291667,0.000151377
7.3,0.000162575
7.308333,0.000177428
7.316667,0.000196435
7.325,0.000218712
7.333333,0.000242055
7.341667,0.000263806
7.35,0.000282202
7.358333,0.000297025
7.366667,0.000308774
7.375,0.000317954
7.383333,0.000325494
7.391667,0.000332356
7.4,0.000338331
7.408333,0.000342596
7.416667,0.000345279
7.425,0.000347216
7.433333,0.000348516
7.441667,0.000348091
7.45,0.000344794
7.458333,0.000338674
7.466667,0.000330653
7.475,0.00032131
7.483333,0.000310857
7.491667,0.000299845
7.5,0.000289131
7.508333,0.000279151
7.516667,0.000269827
7.525,0.00026108
7.533333,0.000253271
7.541667,0.000247505
7.55,0.000244871
7.558333,0.000244558
7.566667,0.000243109
7.575,0.000236128
7.583333,0.00022075
7.591667,0.000197042
7.6,0.000168204
7.608333,0.000139713
7.616667,0.000117496
7.625,0.000105452
7.633333,0.000103712
7.641667,0.000109181
7.65,0.000117488
7.658333,0.000124753
7.666667,0.000128645
7.675,0.000128366
7.683333,0.000123914
7.691667,0.000116132
7.7,0.000107132
7.708333,9.97E-05
7.716667,9.55E-05
7.725,9.45E-05
7.733333,9.58E-05
7.741667,9.93E-05
7.75,0.000106871
7.758333,0.000119884
7.766667,0.00013784
7.775,0.000157904
7.783333,0.000175882
7.791667,0.000188187
7.8,0.000193384
7.808333,0.000192188
7.816667,0.000186324
7.825,0.000177588
7.833333,0.000167351
7.841667,0.000156716
7.85,0.000147127
7.858333,0.000140473
7.866667,0.000138212
7.875,0.000140224
7.883333,0.000144418
7.891667,0.000147436
7.9,0.000145905
7.908333,0.000137765
7.916667,0.000123881
7.925,0.000108663
7.933333,9.78E-05
7.941667,9.44E-05
7.95,9.69E-05
7.958333,0.000101186
7.966667,0.00010417
7.975,0.0001055
7.983333,0.000106975
7.991667,0.000110023
8,0.00011424
8.008333,0.00011798
8.016666,0.000119682
8.025,0.000118986
8.033334,0.000116985
8.041667,0.000115015
8.05,0.000112753
8.058333,0.000107668
8.066667,9.70E-05
8.075,8.02E-05
8.083333,5.96E-05
8.091666,3.78E-05
8.1,1.72E-05
8.108334,-1.11E-06
8.116667,-1.62E-05
8.125,-2.69E-05
8.133333,-3.27E-05
8.141666,-3.43E-05
8.15,-3.37E-05
8.158334,-3.24E-05
8.166667,-3.08E-05
8.175,-2.94E-05
8.183333,-2.89E-05
8.191667,-2.95E-05
8.2,-3.07E-05
8.208333,-3.19E-05
8.216666,-3.28E-05
8.225,-3.34E-05
8.233334,-3.38E-05
8.241667,-3.44E-05
8.25,-3.45E-05
8.258333,-3.31E-05
8.266666,-2.97E-05
8.275,-2.52E-05
8.283334,-2.06E-05
8.291667,-1.58E-05
8.3,-1.01E-05
8.308333,-3.02E-06
8.316667,4.29E-06
8.325,9.75E-06
8.333333,1.21E-05
8.341666,1.20E-05
8.35,1.09E-05
8.358334,9.58E-06
8.366667,7.89E-06
8.375,6.13E-06
8.383333,4.94E-06
8.391666,5.12E-06
8.4,7.16E-06
8.408334,1.04E-05
8.416667,1.26E-05
8.425,1.11E-05
8.433333,4.81E-06
8.441667,-4.84E-06
8.45,-1.45E-05
8.458333,-2.15E-05
8.466666,-2.46E-05
8.475,-2.46E-05
8.483334,-2.33E-05
8.491667,-2.24E-05
8.5,-2.27E-05
8.508333,-2.36E-05
8.516666,-2.38E-05
8.525,-2.31E-05
8.533334,-2.24E-05
8.541667,-2.23E-05
8.55,-2.25E-05
8.558333,-2.23E-05
8.566667,-2.14E-05
8.575,-2.06E-05
8.583333,-2.14E-05
8.591666,-2.46E-05
8.6,-2.98E-05
8.608334,-3.52E-05
8.616667,-3.90E-05
8.625,-4.04E-05
8.633333,-4.03E-05
8.641666,-4.02E-05
8.65,-4.05E-05
8.658334,-4.10E-05
8.666667,-4.08E-05
8.675,-3.99E-05
8.683333,-3.83E-05
8.691667,-3.69E-05
8.7,-3.70E-05
8.708333,-3.86E-05
8.716666,-4.11E-05
8.725,-4.35E-05
8.733334,-4.62E-05
8.741667,-4.97E-05
8.75,-5.39E-05
8.758333,-5.78E-05
8.766666,-6.04E-05
8.775,-6.11E-05
8.783334,-6.01E-05
8.791667,-5.80E-05
8.8,-5.62E-05
8.808333,-5.61E-05
8.816667,-5.83E-05
8.825,-6.19E-05
8.833333,-6.50E-05
8.841666,-6.61E-05
8.85,-6.44E-05
8.858334,-5.96E-05
8.866667,-5.25E-05
8.875,-4.48E-05
8.883333,-3.94E-05
8.891666,-3.89E-05
8.9,-4.31E-05
8.908334,-5.00E-05
8.916667,-5.69E-05
8.925,-6.20E-05
8.933333,-6.46E-05
8.941667,-6.47E-05
8.95,-6.27E-05
8.958333,-5.94E-05
8.966666,-5.62E-05
8.975,-5.49E-05
8.983334,-5.62E-05
8.991667,-5.95E-05
9,-6.31E-05
9.008333,-6.53E-05
9.016666,-6.58E-05
9.025,-6.59E-05
9.033334,-6.65E-05
9.041667,-6.65E-05
9.05,-6.44E-05
9.058333,-6.06E-05
9.066667,-5.71E-05
9.075,-5.64E-05
9.083333,-5.84E-05
9.091666,-6.10E-05
9.1,-6.14E-05
9.108334,-5.82E-05
9.116667,-5.34E-05
9.125,-5.05E-05
9.133333,-5.21E-05
9.141666,-5.78E-05
9.15,-6.53E-05
9.158334,-7.23E-05
9.166667,-7.71E-05
9.175,-7.90E-05
9.183333,-7.79E-05
9.191667,-7.54E-05
9.2,-7.37E-05
9.208333,-7.37E-05
9.216666,-7.51E-05
9.225,-7.73E-05
9.233334,-8.02E-05
9.241667,-8.35E-05
9.25,-8.73E-05
9.258333,-9.22E-05
9.266666,-9.86E-05
9.275,-0.000106111
9.283334,-0.00011361
9.291667,-0.000119574
9.3,-0.00012283
9.308333,-0.00012305
9.316667,-0.000120927
9.325,-0.000117984
9.333333,-0.000115652
9.341666,-0.000112124
9.35,-9.63E-05
9.358334,-4.53E-05
9.366667,6.21E-05
9.375,0.000213299
9.383333,0.000340473
9.391666,0.000359628
9.4,0.000254024
9.408334,9.45E-05
9.416667,-3.47E-05
9.425,-0.000101905
9.433333,-0.000123702
9.441667,-0.000127863
9.45,-0.000129994
9.458333,-0.000132941
9.466666,-0.000135031
9.475,-0.000135116
9.483334,-0.00013331
9.491667,-0.00013072
9.5,-0.000128966
9.508333,-0.000128724
9.516666,-0.00012894
9.525,-0.000128172
9.533334,-0.000126246
9.541667,-0.000124283
9.55,-0.000123471
9.558333,-0.000124022
9.566667,-0.000125367
9.575,-0.00012742
9.583333,-0.000131134
9.591666,-0.000136845
9.6,-0.000142708
9.608334,-0.000145521
9.616667,-0.000142999
9.625,-0.000135593
9.633333,-0.000126466
9.641666,-0.000119098
9.65,-0.000115041
9.658334,-0.000113875
9.666667,-0.000114169
9.675,-0.000114191
9.683333,-0.000112213
9.691667,-0.000106875
9.7,-9.83E-05
9.708333,-8.89E-05
9.716666,-8.21E-05
9.725,-7.96E-05
9.733334,-8.08E-05
9.741667,-8.35E-05
9.75,-8.55E-05
9.758333,-8.60E-05
9.766666,-8.54E-05
9.775,-8.45E-05
9.783334,-8.39E-05
9.791667,-8.43E-05
9.8,-8.61E-05
9.808333,-8.92E-05
9.816667,-9.30E-05
9.825,-9.70E-05
9.833333,-0.00010109
9.841666,-0.000104874
9.85,-0.000107732
9.858334,-0.000109308
9.866667,-0.000109781
9.875,-0.000109606
9.883333,-0.000109173
9.891666,-0.000109114
9.9,-0.000110418
9.908334,-0.000113476
9.916667,-0.00011716
9.925,-0.000119813
9.933333,-0.000120938
9.941667,-0.000121217
9.95,-0.000121281
9.958333,-0.000121061
9.966666,-0.000120133
9.975,-0.00011823
9.983334,-0.000115439
9.991667,-0.000112422
10,-0.000110399
10.00833,-0.000110675
10.01667,-0.00011383
10.025,-0.000119232
10.03333,-0.00012511
10.04167,-0.000129327
10.05,-0.000130627
10.05833,-0.000129633
10.06667,-0.000128306
10.075,-0.00012818
10.08333,-0.000129405
10.09167,-0.000131112
10.1,-0.000132401
10.10833,-0.000133
10.11667,-0.000132807
10.125,-0.000131208
10.13333,-0.00012796
10.14167,-0.000124387
10.15,-0.000122689
10.15833,-0.000123914
10.16667,-0.000127215
10.175,-0.000130888
10.18333,-0.000133578
10.19167,-0.000134777
10.2,-0.000134777
10.20833,-0.000134103
10.21667,-0.000133045
10.225,-0.000131916
10.23333,-0.000131328
10.24167,-0.000131756
10.25,-0.000133086
10.25833,-0.000135046
10.26667,-0.00013765
10.275,-0.000140607
10.28333,-0.000142932
10.29167,-0.000143755
10.3,-0.00014336
10.30833,-0.000142869
10.31667,-0.000142921
10.325,-0.000143409
10.33333,-0.000144411
10.34167,-0.000146434
10.35,-0.000149641
10.35833,-0.000153493
10.36667,-0.000157192
10.375,-0.00016037
10.38333,-0.000162993
10.39167,-0.000164989
10.4,-0.000166658
10.40833,-0.00016911
10.41667,-0.000173543
10.425,-0.000179634
10.43333,-0.000184912
10.44167,-0.000186481
10.45,-0.000183467
10.45833,-0.000177722
10.46667,-0.000172362
10.475,-0.000169441
10.48333,-0.000168983
10.49167,-0.00017003
10.5,-0.000171967
10.50833,-0.000174489
10.51667,-0.000176925
10.525,-0.000178229
10.53333,-0.000177868
10.54167,-0.000176594
10.55,-0.000175692
10.55833,-0.000175543
10.56667,-0.000175621
10.575,-0.000175852
10.58333,-0.000177007
10.59167,-0.000179455
10.6,-0.000182051
10.60833,-0.000183106
10.61667,-0.000182603
10.625,-0.000182733
10.63333,-0.000185788
10.64167,-0.000192028
10.65,-0.0001994
10.65833,-0.000204917
10.66667,-0.00020707
10.675,-0.000207271
10.68333,-0.000207905
10.69167,-0.000209317
10.7,-0.000210106
10.70833,-0.000210073
10.71667,-0.000211142
10.725,-0.000214946
10.73333,-0.000220701
10.74167,-0.000226051
10.75,-0.000229124
10.75833,-0.000229713
10.76667,-0.000229243
10.775,-0.000229884
10.78333,-0.000233252
10.79167,-0.000239298
10.8,-0.000246499
10.80833,-0.0002531
10.81667,-0.000258096
10.825,-0.000261311
10.83333,-0.000263095
10.84167,-0.000264298
10.85,-0.000266217
10.85833,-0.000269707
10.86667,-0.000274316
10.875,-0.000278957
10.88333,-0.000283003
10.89167,-0.000286114
10.9,-0.000287626
10.90833,-0.000286985
10.91667,-0.000284158
10.925,-0.000279047
10.93333,-0.000270974
10.94167,-0.000259392
10.95,-0.000244923
10.95833,-0.00022893
10.96667,-0.000211995
10.975,-0.000193387
10.98333,-0.00017225
10.99167,-0.000148967
11,-0.000125106
11.00833,-0.000101998
11.01667,-7.98E-05
11.025,-5.77E-05
11.03333,-3.43E-05
11.04167,-8.87E-06
11.05,1.87E-05
11.05833,4.79E-05
11.06667,7.78E-05
11.075,0.000106856
11.08333,0.000134245
11.09167,0.000160903
11.1,0.00018869
11.10833,0.000218749
11.11667,0.000250813
11.125,0.000283513
11.13333,0.000315059
11.14167,0.000344239
11.15,0.000371575
11.15833,0.000399075
11.16667,0.00042836
11.175,0.000459313
11.18333,0.000490829
11.19167,0.000522442
11.2,0.000554562
11.20833,0.000587553
11.21667,0.000621494
11.225,0.000656594
11.23333,0.000692941
11.24167,0.000729844
11.25,0.000766326
11.25833,0.000802182
11.26667,0.000837963
11.275,0.000874095
11.28333,0.00091061
11.29167,0.000947677
11.3,0.000986189
11.30833,0.001027439
11.31667,0.001071844
11.325,0.001118153
11.33333,0.001164123
11.34167,0.001208037
11.35,0.001249988
11.35833,0.00129145
11.36667,0.001332905
11.375,0.001371797
11.38333,0.001403667
11.39167,0.00142622
11.4,0.001441944
11.40833,0.001456562
11.41667,0.001475293
11.425,0.001500335
11.43333,0.001530837
11.44167,0.001564797
11.45,0.001600616
11.45833,0.001637071
11.46667,0.001673158
11.475,0.001708537
11.48333,0.00174341
11.49167,0.001777712
11.5,0.001810879
11.50833,0.001842171
11.51667,0.001870595
11.525,0.001895048
11.53333,0.001915295
11.54167,0.001932342
11.55,0.001948006
11.55833,0.001966145
11.56667,0.001995672
11.575,0.002046593
11.58333,0.002108999
11.59167,0.002127092
11.6,0.00200903
11.60833,0.001695778
11.61667,0.001231864
11.625,0.000747006
11.63333,0.000360068
11.64167,0.000111025
11.65,-2.75E-05
11.65833,-0.000101648
11.66667,-0.000144273
11.675,-0.000171173
11.68333,-0.0001898
11.69167,-0.000205014
11.7,-0.000219584
11.70833,-0.000233587
11.71667,-0.00024543
11.725,-0.000253905
11.73333,-0.000259671
11.74167,-0.000264525
11.75,-0.000269298
11.75833,-0.000273563
11.76667,-0.00027734
11.775,-0.000281662
11.78333,-0.000286989
11.79167,-0.000291895
11.8,-0.00029413
11.80833,-0.00029321
11.81667,-0.000291497
11.825,-0.000292141
11.83333,-0.000296217
11.84167,-0.000302028
11.85,-0.000306677
11.85833,-0.000308149
11.86667,-0.000306435
11.875,-0.000302993
11.88333,-0.000299431
11.89167,-0.00029685
11.9,-0.000295822
11.90833,-0.0002966
11.91667,-0.000299327
11.925,-0.000303697
11.93333,-0.000308495
11.94167,-0.000311978
11.95,-0.000312761
11.95833,-0.00031092
11.96667,-0.000308558
11.975,-0.000308275
11.98333,-0.000310674
11.99167,-0.000313956
12,-0.00031605
12.00833,-0.000316806
12.01667,-0.000317872
12.025,-0.000320755
12.03333,-0.000325218
12.04167,-0.000329483
12.05,-0.000331909
12.05833,-0.000332326
12.06667,-0.000331726
12.075,-0.000331309
12.08333,-0.000331815
12.09167,-0.000333194
12.1,-0.000334628
12.10833,-0.000335183
12.11667,-0.000334669
12.125,-0.000333663
12.13333,-0.000332534
12.14167,-0.000331141
12.15,-0.00032967
12.15833,-0.000329159
12.16667,-0.000331081
12.175,-0.000336185
12.18333,-0.0003432
12.19167,-0.000349134
12.2,-0.000351626
12.20833,-0.000350729
12.21667,-0.000348311
12.225,-0.000346486
12.23333,-0.000346672
12.24167,-0.000349116
12.25,-0.000352785
12.25833,-0.000356223
12.26667,-0.000358589
12.275,-0.00035977
12.28333,-0.000359912
12.29167,-0.000359267
12.3,-0.000358287
12.30833,-0.000357479
12.31667,-0.00035679
12.325,-0.000355396
12.33333,-0.000352692
12.34167,-0.000349164
12.35,-0.000345968
12.35833,-0.000344049
12.36667,-0.000343528
12.375,-0.000343446
12.38333,-0.000342391
12.39167,-0.000339903
12.4,-0.000336926
12.40833,-0.000334662
12.41667,-0.000333298
12.425,-0.000332315
12.43333,-0.000331614
12.44167,-0.000331357
12.45,-0.000331093
12.45833,-0.000330199
12.46667,-0.000328925
12.475,-0.000328209
12.48333,-0.000328779
12.49167,-0.000330929
12.5,-0.000334311
12.50833,-0.00033759
12.51667,-0.000338983
12.525,-0.000337422
12.53333,-0.000333168
12.54167,-0.000327472
12.55,-0.000321657
12.55833,-0.000316523
12.56667,-0.000312477
12.575,-0.000310134
12.58333,-0.000310458
12.59167,-0.000313897
12.6,-0.000319272
12.60833,-0.000324018
12.61667,-0.000325877
12.625,-0.000324696
12.63333,-0.000322543
12.64167,-0.000321709
12.65,-0.000322599
12.65833,-0.000323605
12.66667,-0.000322778
12.675,-0.000319753
12.68333,-0.000316333
12.69167,-0.000315044
12.7,-0.000317302
12.70833,-0.000322834
12.71667,-0.000329781
12.725,-0.000335291
12.73333,-0.00033718
12.74167,-0.000335194
12.75,-0.000330742
12.75833,-0.000325754
12.76667,-0.000321806
12.775,-0.000319809
12.78333,-0.000320066
12.79167,-0.000322457
12.8,-0.00032654
12.80833,-0.000331603
12.81667,-0.000336804
12.825,-0.000341542
12.83333,-0.000345688
12.84167,-0.000349253
12.85,-0.000351798
12.85833,-0.000352413
12.86667,-0.000350628
12.875,-0.000347216
12.88333,-0.000343792
12.89167,-0.000341699
12.9,-0.00034146
12.90833,-0.00034304
12.91667,-0.000346053
12.925,-0.00034973
12.93333,-0.000353221
12.94167,-0.000356231
12.95,-0.000359051
12.95833,-0.000361934
12.96667,-0.000364564
12.975,-0.000366204
12.98333,-0.000366546
12.99167,-0.000366196
13,-0.000366066
13.00833,-0.000366423
13.01667,-0.000366561
13.025,-0.00036525
13.03333,-0.000362098
13.04167,-0.000358336
13.05,-0.000355929
13.05833,-0.000356119
13.06667,-0.000358976
13.075,-0.000363827
13.08333,-0.000369512
13.09167,-0.000374429
13.1,-0.000376977
13.10833,-0.000376545
13.11667,-0.000373997
13.125,-0.000371069
13.13333,-0.00036934
13.14167,-0.000369515
13.15,-0.000370942
13.15833,-0.000372075
13.16667,-0.000371926
13.175,-0.000370946
13.18333,-0.000370182
13.19167,-0.000369933
13.2,-0.000369493
13.20833,-0.000367999
13.21667,-0.00036541
13.225,-0.000362799
13.23333,-0.000361465
13.24167,-0.000361711
13.25,-0.000362814
13.25833,-0.000364076
13.26667,-0.000365194
13.275,-0.000365898
13.28333,-0.000365909
13.29167,-0.000365123
13.3,-0.000364002
13.30833,-0.000363819
13.31667,-0.00036585
13.325,-0.000369992
13.33333,-0.000374503
13.34167,-0.000377066
13.35,-0.000376377
13.35833,-0.000373226
13.36667,-0.00036975
13.375,-0.000367466
13.38333,-0.000366185
13.39167,-0.000364896
13.4,-0.000363026
13.40833,-0.000361025
13.41667,-0.000360351
13.425,-0.000362326
13.43333,-0.000366602
13.44167,-0.000371408
13.45,-0.000375144
13.45833,-0.000377175
13.46667,-0.000377346
13.475,-0.00037564
13.48333,-0.000372615
13.49167,-0.000369791
13.5,-0.000368979
13.50833,-0.000371013
13.51667,-0.00037507
13.525,-0.000379294
13.53333,-0.00038217
13.54167,-0.000383321
13.55,-0.000383508
13.55833,-0.000383958
13.56667,-0.000385236
13.575,-0.00038683
13.58333,-0.000388145
13.59167,-0.00038914
13.6,-0.0003899
13.60833,-0.000390362
13.61667,-0.000390492
13.625,-0.000390027
13.63333,-0.000388444
13.64167,-0.000385754
13.65,-0.000383034
13.65833,-0.000381555
13.66667,-0.000381652
13.675,-0.000382654
13.68333,-0.0003835
13.69167,-0.000383321
13.7,-0.000381853
13.70833,-0.000379521
13.71667,-0.000377264
13.725,-0.000376023
13.73333,-0.000376258
13.74167,-0.000377733
13.75,-0.000379529
13.75833,-0.000380456
13.76667,-0.000379995
13.775,-0.000378951
13.78333,-0.000378531
13.79167,-0.000378911
13.8,-0.000379514
13.80833,-0.000380285
13.81667,-0.000381824
13.825,-0.000384625
13.83333,-0.000388652
13.84167,-0.000393376
13.85,-0.000397995
13.85833,-0.000401624
13.86667,-0.00040317
13.875,-0.000401583
13.88333,-0.000396911
13.89167,-0.000391234
13.9,-0.000387937
13.90833,-0.000389397
13.91667,-0.000395112
13.925,-0.000401963
13.93333,-0.000406452
13.94167,-0.000407077
13.95,-0.000404634
13.95833,-0.0004008
13.96667,-0.000397198
13.975,-0.000395268
13.98333,-0.000395846
13.99167,-0.000398666
14,-0.000402529
14.00833,-0.000405837
14.01667,-0.000407349
14.025,-0.000407074
14.03333,-0.000406098
14.04167,-0.00040558
14.05,-0.000406023
14.05833,-0.000407286
14.06667,-0.000409093
14.075,-0.000411641
14.08333,-0.000415456
14.09167,-0.000420563
14.1,-0.000426043
14.10833,-0.000430577
14.11667,-0.000433378
14.125,-0.000434738
14.13333,-0.000435766
14.14167,-0.000437282
14.15,-0.000438802
14.15833,-0.000439178
14.16667,-0.000438344
14.175,-0.00043777
14.18333,-0.000438795
14.19167,-0.000441287
14.2,-0.000444364
14.20833,-0.000447687
14.21667,-0.000451487
14.225,-0.000455428
14.23333,-0.00045808
14.24167,-0.000458166
14.25,-0.000456482
14.25833,-0.000455819
14.26667,-0.000458259
14.275,-0.00046302
14.28333,-0.000467587
14.29167,-0.000470243
14.3,-0.000470713
14.30833,-0.000469621
14.31667,-0.000468411
14.325,-0.000468697
14.33333,-0.000471443
14.34167,-0.000476822
14.35,-0.000484224
14.35833,-0.000492368
14.36667,-0.000500049
14.375,-0.000506669
14.38333,-0.000512235
14.39167,-0.000517428
14.4,-0.000523195
14.40833,-0.000529509
14.41667,-0.000535019
14.425,-0.000538379
14.43333,-0.000539735
14.44167,-0.000540368
14.45,-0.000540964
14.45833,-0.000541337
14.46667,-0.000541966
14.475,-0.000544857
14.48333,-0.000551835
14.49167,-0.000562105
14.5,-0.000572562
14.50833,-0.000580333
14.51667,-0.000584364
14.525,-0.000585515
14.53333,-0.000585992
14.54167,-0.000587922
14.55,-0.000591714
14.55833,-0.00059602
14.56667,-0.000599142
14.575,-0.000600286
14.58333,-0.000599615
14.59167,-0.000597592
14.6,-0.000594538
14.60833,-0.000591077
14.61667,-0.000588719
14.625,-0.000589039
14.63333,-0.000591956
14.64167,-0.000595875
14.65,-0.000599746
14.65833,-0.000603713
14.66667,-0.000607569
14.675,-0.000610046
14.68333,-0.000610322
14.69167,-0.000609316
14.7,-0.000608623
14.70833,-0.000608791
14.71667,-0.000609197
14.725,-0.000609305
14.73333,-0.00060929
14.74167,-0.000609271
14.75,-0.000608753
14.75833,-0.000607614
14.76667,-0.000607185
14.775,-0.000609208
14.78333,-0.000613619
14.79167,-0.000618469
14.8,-0.000622053
14.80833,-0.000624072
14.81667,-0.000624873
14.825,-0.000624605
14.83333,-0.000623301
14.84167,-0.000621121
14.85,-0.000618428
14.85833,-0.000615511
14.86667,-0.0006123
14.875,-0.000608824
14.88333,-0.00060587
14.89167,-0.000604607
14.9,-0.000605267
14.90833,-0.000606421
14.91667,-0.000605959
14.925,-0.00060299
14.93333,-0.000598595
14.94167,-0.000594717
14.95,-0.000592537
14.95833,-0.000591967
14.96667,-0.000592433
14.975,-0.000593796
14.98333,-0.000596203
14.99167,-0.000598732
15,-0.000599194
15.00833,-0.000596322
15.01667,-0.000591446
15.025,-0.000587203
15.03333,-0.000585012
15.04167,-0.000584155
15.05,-0.000583027
15.05833,-0.000580546
15.06667,-0.000576031
15.075,-0.000569385
15.08333,-0.000562538
15.09167,-0.00055882
15.1,-0.000559196
15.10833,-0.000560563
15.11667,-0.000559315
15.125,-0.000555344
15.13333,-0.000551634
15.14167,-0.000550877
15.15,-0.000553127
15.15833,-0.000556387
15.16667,-0.000558976
15.175,-0.000560507
15.18333,-0.000561092
15.19167,-0.000560924
15.2,-0.000560474
15.20833,-0.00056015
15.21667,-0.000559975
15.225,-0.000559576
15.23333,-0.00055816
15.24167,-0.000554979
15.25,-0.000550367
15.25833,-0.000546213
15.26667,-0.000544764
15.275,-0.00054678
15.28333,-0.000551149
15.29167,-0.000556264
15.3,-0.000561159
15.30833,-0.00056516
15.31667,-0.000567365
15.325,-0.000567343
15.33333,-0.000566099
15.34167,-0.000565529
15.35,-0.000566442
15.35833,-0.000567727
15.36667,-0.000567947
15.375,-0.000567138
15.38333,-0.00056649
15.39167,-0.000566747
15.4,-0.00056757
15.40833,-0.000568248
15.41667,-0.00056826
15.425,-0.000567082
15.43333,-0.000564378
15.44167,-0.000560887
15.45,-0.00055825
15.45833,-0.000557348
15.46667,-0.000557266
15.475,-0.000556033
15.48333,-0.000552405
15.49167,-0.000547327
15.5,-0.000543527
15.50833,-0.000543028
15.51667,-0.000545066
15.525,-0.000546631
15.53333,-0.000544917
15.54167,-0.000539828
15.55,-0.000534326
15.55833,-0.000531815
15.56667,-0.000533138
15.575,-0.000536371
15.58333,-0.000539083
15.59167,-0.0005401
15.6,-0.000539463
15.60833,-0.000537623
15.61667,-0.000534959
15.625,-0.00053196
15.63333,-0.00052971
15.64167,-0.000529487
15.65,-0.000531461
15.65833,-0.000534035
15.66667,-0.000535164
15.675,-0.000534516
15.68333,-0.000533696
15.69167,-0.000533786
15.7,-0.000533927
15.70833,-0.000532642
15.71667,-0.000529505
15.725,-0.000525344
15.73333,-0.000521548
15.74167,-0.000519309
15.75,-0.000519227
15.75833,-0.000521034
15.76667,-0.000523411
15.775,-0.000524651
15.78333,-0.00052385
15.79167,-0.000521176
15.8,-0.000517558
15.80833,-0.000514533
15.81667,-0.000513732
15.825,-0.00051561
15.83333,-0.000518795
15.84167,-0.00052125
15.85,-0.000522032
15.85833,-0.000521708
15.86667,-0.000521287
15.875,-0.000521075
15.88333,-0.00052065
15.89167,-0.00051979
15.9,-0.000519
15.90833,-0.000519116
15.91667,-0.000520237
15.925,-0.000521354
15.93333,-0.000521481
15.94167,-0.000520889
15.95,-0.000520784
15.95833,-0.00052188
15.96667,-0.000523306
15.975,-0.000523232
15.98333,-0.000520553
15.99167,-0.000515781
16,-0.000510342
16.00833,-0.000505284
16.01667,-0.00050091
16.025,-0.000497382
16.03333,-0.000495035
16.04167,-0.000494011
16.05,-0.000494015
16.05833,-0.000494618
16.06667,-0.000495371
16.075,-0.00049527
16.08333,-0.000492554
16.09167,-0.000486076
16.1,-0.000477053
16.10833,-0.000468843
16.11667,-0.000464369
16.125,-0.000463627
16.13333,-0.000463963
16.14167,-0.000462491
16.15,-0.000457659
16.15833,-0.00044908
16.16667,-0.000436738
16.175,-0.000420172
16.18333,-0.000398371
16.19167,-0.000370611
16.2,-0.00033712
16.20833,-0.000298899
16.21667,-0.000257466
16.225,-0.000215285
16.23333,-0.000175517
16.24167,-0.000140604
16.25,-0.000111811
16.25833,-9.07E-05
16.26667,-7.99E-05
16.275,-8.10E-05
16.28333,-9.29E-05
16.29167,-0.000111461
16.3,-0.000132643
16.30833,-0.000153381
16.31667,-0.000172164
16.325,-0.000188593
16.33333,-0.000202823
16.34167,-0.000215285
16.35,-0.000226874
16.35833,-0.000238873
16.36667,-0.00025247
16.375,-0.000268426
16.38333,-0.000287265
16.39167,-0.000309087
16.4,-0.000332858
16.40833,-0.000356354
16.41667,-0.000377055
16.425,-0.000393305
16.43333,-0.000405155
16.44167,-0.000414006
16.45,-0.000421353
16.45833,-0.00042811
16.46667,-0.000434987
16.475,-0.000442654
16.48333,-0.00045139
16.49167,-0.00046045
16.5,-0.000468202
16.50833,-0.000473164
16.51667,-0.000474963
16.525,-0.000474639
16.53333,-0.000474252
16.54167,-0.000475515
16.55,-0.000478312
16.55833,-0.000480942
16.56667,-0.000481933
16.575,-0.000481423
16.58333,-0.000480797
16.59167,-0.000481308
16.6,-0.000483044
16.60833,-0.000485245
16.61667,-0.000487387
16.625,-0.000489395
16.63333,-0.000491165
16.64167,-0.000492398
16.65,-0.000492603
16.65833,-0.000491485
16.66667,-0.00048979
16.675,-0.000488997
16.68333,-0.000489689
16.69167,-0.000491031
16.7,-0.00049207
16.70833,-0.00049274
16.71667,-0.000493713
16.725,-0.000495702
16.73333,-0.000498772
16.74167,-0.000501875
16.75,-0.000503372
16.75833,-0.000502575
16.76667,-0.000500809
16.775,-0.000500385
16.78333,-0.000502367
16.79167,-0.000505548
16.8,-0.000507288
16.80833,-0.000505537
16.81667,-0.00050031
16.825,-0.000493348
16.83333,-0.000486765
16.84167,-0.000481848
16.85,-0.000478607
16.85833,-0.000476483
16.86667,-0.000475094
16.875,-0.000473958
16.88333,-0.000472181
16.89167,-0.000469241
16.9,-0.000465892
16.90833,-0.000463862
16.91667,-0.000464283
16.925,-0.00046625
16.93333,-0.000467282
16.94167,-0.000465684
16.95,-0.000462126
16.95833,-0.000458833
16.96667,-0.000457645
16.975,-0.000458613
16.98333,-0.000460386
16.99167,-0.00046159
17,-0.00046172
17.00833,-0.000460975
17.01667,-0.000459548
17.025,-0.000457209
17.03333,-0.000453565
17.04167,-0.000449114
17.05,-0.000445753
17.05833,-0.00044537
17.06667,-0.000447866
17.075,-0.000451025
17.08333,-0.000452336
17.09167,-0.000450891
17.1,-0.000447966
17.10833,-0.000445999
17.11667,-0.000446618
17.125,-0.000449352
17.13333,-0.000452481
17.14167,-0.000454977
17.15,-0.000457246
17.15833,-0.000460181
17.16667,-0.000463828
17.175,-0.000467099
17.18333,-0.000468511
17.19167,-0.000467096
17.2,-0.000463042
17.20833,-0.000457957
17.21667,-0.000454053
17.225,-0.000452399
17.23333,-0.00045222
17.24167,-0.000452366
17.25,-0.000452735
17.25833,-0.000453774
17.26667,-0.000455067
17.275,-0.000455331
17.28333,-0.000453975
17.29167,-0.000452019
17.3,-0.000451036
17.30833,-0.000451542
17.31667,-0.000452563
17.325,-0.000452846
17.33333,-0.000452332
17.34167,-0.000452135
17.35,-0.000453074
17.35833,-0.000454739
17.36667,-0.000456154
17.375,-0.000456933
17.38333,-0.000457369
17.39167,-0.000457663
17.4,-0.000457462
17.40833,-0.000456229
17.41667,-0.000453968
17.425,-0.00045136
17.43333,-0.000449117
17.44167,-0.000447482
17.45,-0.000446588
17.45833,-0.000446785
17.46667,-0.000447966
17.475,-0.000449166
17.48333,-0.000449535
17.49167,-0.000449274
17.5,-0.000448942
17.50833,-0.000448313
17.51667,-0.000446785
17.525,-0.000444908
17.53333,-0.000444334
17.54167,-0.000445955
17.55,-0.000449028
17.55833,-0.000452485
17.56667,-0.00045621
17.575,-0.000460584
17.58333,-0.000465263
17.59167,-0.00046904
17.6,-0.000470884
17.60833,-0.000470739
17.61667,-0.000469562
17.625,-0.000468861
17.63333,-0.000469968
17.64167,-0.000473239
17.65,-0.000477605
17.65833,-0.000481036
17.66667,-0.000481919
17.675,-0.000480231
17.68333,-0.000477281
17.69167,-0.00047458
17.7,-0.000473198
17.70833,-0.000473503
17.71667,-0.000474952
17.725,-0.000476215
17.73333,-0.000475783
17.74167,-0.000473108
17.75,-0.000469577
17.75833,-0.000467572
17.76667,-0.000468008
17.775,-0.000469443
17.78333,-0.000470039
17.79167,-0.000469927
17.8,-0.000471082
17.80833,-0.000474896
17.81667,-0.000480335
17.825,-0.000484716
17.83333,-0.00048624
17.84167,-0.000485539
17.85,-0.000484712
17.85833,-0.000485249
17.86667,-0.000487011
17.875,-0.000489093
17.88333,-0.000490911
17.89167,-0.000491943
17.9,-0.000491466
17.90833,-0.000489552
17.91667,-0.000487518
17.925,-0.000486892
17.93333,-0.000488319
17.94167,-0.000491224
17.95,-0.000494268
17.95833,-0.000496201
17.96667,-0.000496268
17.975,-0.000494197
17.98333,-0.000490468
17.99167,-0.000486583
18,-0.000484608
18.00833,-0.000485979
18.01667,-0.000490427
18.025,-0.000495818
18.03333,-0.00049936
18.04167,-0.000499651
18.05,-0.000497542
18.05833,-0.000495005
18.06667,-0.000493456
18.075,-0.000493296
18.08333,-0.000494327
18.09167,-0.000495959
18.1,-0.000497047
18.10833,-0.000496287
18.11667,-0.000493422
18.125,-0.000489675
18.13333,-0.000486758
18.14167,-0.00048548
18.15,-0.000485435
18.15833,-0.000486098
18.16667,-0.000487592
18.175,-0.000489928
18.18333,-0.000492111
18.19167,-0.000492916
18.2,-0.000492215
18.20833,-0.000491019
18.21667,-0.000490289
18.225,-0.000489987
18.23333,-0.000489343
18.24167,-0.000487767
18.25,-0.000485558
18.25833,-0.000483777
18.26667,-0.000483166
18.275,-0.000483234
18.28333,-0.000482939
18.29167,-0.000482004
18.3,-0.000480834
18.30833,-0.000479739
18.31667,-0.000478976
18.325,-0.000479117
18.33333,-0.000480663
18.34167,-0.000483438
18.35,-0.00048678
18.35833,-0.000490334
18.36667,-0.00049438
18.375,-0.000499088
18.38333,-0.000503801
18.39167,-0.000507347
18.4,-0.00050905
18.40833,-0.00050905
18.41667,-0.000507888
18.425,-0.000506111
18.43333,-0.000504036
18.44167,-0.00050167
18.45,-0.000499293
18.45833,-0.000497975
18.46667,-0.000498492
18.475,-0.000500046
18.48333,-0.000500828
18.49167,-0.000499837
18.5,-0.000497781
18.50833,-0.000496045
18.51667,-0.00049514
18.525,-0.000494544
18.53333,-0.000493784
18.54167,-0.000493351
18.55,-0.000494424
18.55833,-0.00049749
18.56667,-0.000501558
18.575,-0.000505097
18.58333,-0.000507411
18.59167,-0.000508782
18.6,-0.000509914
18.60833,-0.000511356
18.61667,-0.000512932
18.625,-0.000513766
18.63333,-0.000513051
18.64167,-0.000510681
18.65,-0.000507124
18.65833,-0.00050332
18.66667,-0.000500388
18.675,-0.000498679
18.68333,-0.000497289
18.69167,-0.000495162
18.7,-0.000492543
18.70833,-0.000490867
18.71667,-0.000491135
18.725,-0.000492722
18.73333,-0.000493813
18.74167,-0.000493117
18.75,-0.000490934
18.75833,-0.000488613
18.76667,-0.000487387
18.775,-0.000487745
18.78333,-0.000489224
18.79167,-0.000490461
18.8,-0.000489958
18.80833,-0.000487387
18.81667,-0.000483967
18.825,-0.000481237
18.83333,-0.000479631
18.84167,-0.000478339
18.85,-0.000476427
18.85833,-0.000473939
18.86667,-0.000472028
18.875,-0.00047249
18.88333,-0.000476681
18.89167,-0.000483818
18.9,-0.000490662
18.90833,-0.000493668
18.91667,-0.000491429
18.925,-0.000485074
18.93333,-0.000477158
18.94167,-0.000470486
18.95,-0.000467278
18.95833,-0.000468522
18.96667,-0.00047322
18.975,-0.000478402
18.98333,-0.000480972
18.99167,-0.000480011
19,-0.00047705
19.00833,-0.000474431
19.01667,-0.000473723
19.025,-0.00047512
19.03333,-0.000477549
19.04167,-0.000479519
19.05,-0.000480216
19.05833,-0.000479516
19.06667,-0.000477668
19.075,-0.000475701
19.08333,-0.000475127
19.09167,-0.000476159
19.1,-0.000477098
19.10833,-0.000476129
19.11667,-0.000473268
19.125,-0.000470426
19.13333,-0.000469808
19.14167,-0.000471894
19.15,-0.000474792
19.15833,-0.00047607
19.16667,-0.000475105
19.175,-0.000473287
19.18333,-0.000472289
19.19167,-0.000472795
19.2,-0.000474785
19.20833,-0.000477996
19.21667,-0.000481572
19.225,-0.000483885
19.23333,-0.000483777
19.24167,-0.000481743
19.25,-0.000479326
19.25833,-0.000477579
19.26667,-0.000476331
19.275,-0.000475057
19.28333,-0.000474032
19.29167,-0.000474233
19.3,-0.000476364
19.30833,-0.000479911
19.31667,-0.00048301
19.325,-0.000483658
19.33333,-0.000481494
19.34167,-0.000478163
19.35,-0.000475783
19.35833,-0.000475168
19.36667,-0.000475496
19.375,-0.000475485
19.38333,-0.000474844
19.39167,-0.000474379
19.4,-0.000474867
19.40833,-0.000475906
19.41667,-0.000476047
19.425,-0.000474189
19.43333,-0.000470471
19.44167,-0.000465978
19.45,-0.000461921
19.45833,-0.000459053
19.46667,-0.000457667
19.475,-0.000457749
19.48333,-0.000458296
19.49167,-0.000456974
19.5,-0.00045199
19.50833,-0.000444584
19.51667,-0.000438407
19.525,-0.000435907
19.53333,-0.000436038
19.54167,-0.000435863
19.55,-0.000433568
19.55833,-0.000429295
19.56667,-0.000423465
19.575,-0.000415292
19.58333,-0.000403274
19.59167,-0.000386842
19.6,-0.000367232
19.60833,-0.000346247
19.61667,-0.000323746
19.625,-0.000297252
19.63333,-0.000264991
19.64167,-0.000228752
19.65,-0.000192922
19.65833,-0.000161067
19.66667,-0.000133749
19.675,-0.000109658
19.68333,-8.84E-05
19.69167,-7.14E-05
19.7,-6.07E-05
19.70833,-5.73E-05
19.71667,-6.08E-05
19.725,-6.94E-05
19.73333,-8.14E-05
19.74167,-9.56E-05
19.75,-0.000111837
19.75833,-0.000129648
19.76667,-0.000148498
19.775,-0.000168555
19.78333,-0.000190664
19.79167,-0.000214655
19.8,-0.000238497
19.80833,-0.000259742
19.81667,-0.000277408
19.825,-0.000292182
19.83333,-0.000305325
19.84167,-0.00031751
19.85,-0.00032872
19.85833,-0.000339221
19.86667,-0.000350013
19.875,-0.000362009
19.88333,-0.000375029
19.89167,-0.000387996
19.9,-0.00039994
19.90833,-0.000410453
19.91667,-0.000419363
19.925,-0.000426445
19.93333,-0.000431527
19.94167,-0.000435073
19.95,-0.000438377
19.95833,-0.000442438
19.96667,-0.000446845
19.975,-0.000450488
19.98333,-0.000453182
19.99167,-0.000455853
20,-0.000459235
20.00833,-0.000463076
20.01667,-0.000466634
20.025,-0.00046958
20.03333,-0.0004724
20.04167,-0.000475973
20.05,-0.000480749
20.05833,-0.000486292
20.06667,-0.000491504
20.075,-0.000495452
20.08333,-0.000498045
20.09167,-0.000499975
20.1,-0.000501826
20.10833,-0.000503186
20.11667,-0.000503052
20.125,-0.000501335
20.13333,-0.000499256
20.14167,-0.000497744
20.15,-0.00049632
20.15833,-0.000494298
20.16667,-0.000492215
20.175,-0.000491418
20.18333,-0.000492584
20.19167,-0.00049464
20.2,-0.000495382
20.20833,-0.000493567
20.21667,-0.000490211
20.225,-0.000487458
20.23333,-0.000486404
20.24167,-0.00048627
20.25,-0.000485461
20.25833,-0.000482947
20.26667,-0.000478532
20.275,-0.000472199
20.28333,-0.000463918
20.29167,-0.000454385
20.3,-0.000445291
20.30833,-0.00043821
20.31667,-0.000433262
20.325,-0.000429388
20.33333,-0.000425685
20.34167,-0.000421681
20.35,-0.000416528
20.35833,-0.000409171
20.36667,-0.000399701
20.375,-0.00038987
20.38333,-0.000381712
20.39167,-0.000375934
20.4,-0.00037165
20.40833,-0.000367329
20.41667,-0.000361487
20.425,-0.00035296
20.43333,-0.000341926
20.44167,-0.000330828
20.45,-0.000323139
20.45833,-0.000320707
20.46667,-0.000322286
20.475,-0.000324849
20.48333,-0.000326313
20.49167,-0.000326626
20.5,-0.000326365
20.50833,-0.0003253
20.51667,-0.000322871
20.525,-0.000319541
20.53333,-0.000317033
20.54167,-0.00031697
20.55,-0.000319187
20.55833,-0.00032166
20.56667,-0.000322186
20.575,-0.000320185
20.58333,-0.000316892
20.59167,-0.000314102
20.6,-0.000312753
20.60833,-0.000312895
20.61667,-0.000314705
20.625,-0.000318334
20.63333,-0.000322748
20.64167,-0.000326026
20.65,-0.000327028
20.65833,-0.000326619
20.66667,-0.0003272
20.675,-0.000330828
20.68333,-0.000337791
20.69167,-0.000347171
20.7,-0.000357896
20.70833,-0.000368845
20.71667,-0.000378903
20.725,-0.000387829
20.73333,-0.00039652
20.74167,-0.000405572
20.75,-0.00041423
20.75833,-0.000421464
20.76667,-0.000427339
20.775,-0.000432685
20.78333,-0.000437949
20.79167,-0.000443194
20.8,-0.000448898
20.80833,-0.000455935
20.81667,-0.000464324
20.825,-0.000472594
20.83333,-0.000479061
20.84167,-0.000483558
20.85,-0.000487208
20.85833,-0.000490498
20.86667,-0.000492413
20.875,-0.000492171
20.88333,-0.000490855
20.89167,-0.000490468
20.9,-0.000491932
20.90833,-0.000494599
20.91667,-0.000497349
20.925,-0.000499871
20.93333,-0.000502463
20.94167,-0.000504877
20.95,-0.000506163
20.95833,-0.000505567
20.96667,-0.00050329
20.975,-0.000500754
20.98333,-0.000500187
20.99167,-0.000502892
21,-0.000507649
21.00833,-0.000511851
21.01667,-0.000514016
21.025,-0.000514597
21.03333,-0.000514917
21.04167,-0.000515778
21.05,-0.000516787
21.05833,-0.000516608
21.06667,-0.000514269
21.075,-0.000510432
21.08333,-0.000507072
21.09167,-0.000505678
21.1,-0.000505902
21.10833,-0.000506092
21.11667,-0.000505131
21.125,-0.00050322
21.13333,-0.000500746
21.14167,-0.000497531
21.15,-0.000493988
21.15833,-0.000492044
21.16667,-0.000493515
21.175,-0.00049793
21.18333,-0.000502668
21.19167,-0.000504714
21.2,-0.000502203
21.20833,-0.000495285
21.21667,-0.000485886
21.225,-0.000476442
21.23333,-0.000468973
21.24167,-0.000464868
21.25,-0.000464786
21.25833,-0.000468619
21.26667,-0.000475153
21.275,-0.000481963
21.28333,-0.000486728
21.29167,-0.000488922
21.3,-0.00048947
21.30833,-0.000488915
21.31667,-0.000487126
21.325,-0.000484757
21.33333,-0.000483483
21.34167,-0.000484377
21.35,-0.000487082
21.35833,-0.000490662
21.36667,-0.000494532
21.375,-0.000498734
21.38333,-0.000503555
21.39167,-0.000508636
21.4,-0.000512689
21.40833,-0.000514332
21.41667,-0.00051314
21.425,-0.000510156
21.43333,-0.000507504
21.44167,-0.000506919
21.45,-0.000508454
21.45833,-0.000510808
21.46667,-0.000512596
21.475,-0.0005133
21.48333,-0.000513226
21.49167,-0.000512965
21.5,-0.000513196
21.50833,-0.000514634
21.51667,-0.000517312
21.525,-0.000520069
21.53333,-0.000521418
21.54167,-0.000520855
21.55,-0.000519037
21.55833,-0.000517119
21.56667,-0.00051605
21.575,-0.000516113
21.58333,-0.00051675
21.59167,-0.000517085
21.6,-0.000516806
21.60833,-0.000516549
21.61667,-0.000517465
21.625,-0.000520133
21.63333,-0.000523914
21.64167,-0.000527754
21.65,-0.000531383
21.65833,-0.000534918
21.66667,-0.000537686
21.675,-0.000538833
21.68333,-0.000538699
21.69167,-0.000538368
21.7,-0.000538372
21.70833,-0.000538759
21.71667,-0.000539873
21.725,-0.000542413
21.73333,-0.000546798
21.74167,-0.000552662
21.75,-0.000558879
21.75833,-0.000563912
21.76667,-0.000566285
21.775,-0.000565119
21.78333,-0.000560779
21.79167,-0.000554979
21.8,-0.000549834
21.80833,-0.000546545
21.81667,-0.000544719
21.825,-0.000543125
21.83333,-0.000541378
21.84167,-0.000540514
21.85,-0.00054178
21.85833,-0.000545457
21.86667,-0.000550907
21.875,-0.000557091
21.88333,-0.000562932
21.89167,-0.000567351
21.9,-0.000569515
21.90833,-0.000569549
21.91667,-0.000568394
21.925,-0.000566479
21.93333,-0.000563126
21.94167,-0.000557967
21.95,-0.000552371
21.95833,-0.00054856
21.96667,-0.000547562
21.975,-0.000548817
21.98333,-0.000551086
21.99167,-0.000553165
22,-0.000554249
22.00833,-0.000554148
22.01667,-0.00055299
22.025,-0.000550926
22.03333,-0.000548422
22.04167,-0.000546329
22.05,-0.000545152
22.05833,-0.000544656
22.06667,-0.000544585
22.075,-0.000545308
22.08333,-0.000547148
22.09167,-0.000549603
22.1,-0.000551738
22.10833,-0.000553023
22.11667,-0.000553634
22.125,-0.000554092
22.13333,-0.000554591
22.14167,-0.000554778
22.15,-0.000554286
22.15833,-0.000553224
22.16667,-0.000551868
22.175,-0.000550415
22.18333,-0.00054916
22.19167,-0.000548322
22.2,-0.000547737
22.20833,-0.000547316
22.21667,-0.000547364
22.225,-0.000548158
22.23333,-0.00054973
22.24167,-0.000551827
22.25,-0.000553515
22.25833,-0.000553701
22.26667,-0.000552457
22.275,-0.000551149
22.28333,-0.000550859
22.29167,-0.000551213
22.3,-0.000551235
22.30833,-0.000550836
22.31667,-0.000550769
22.325,-0.000551477
22.33333,-0.000552669
22.34167,-0.000554018
22.35,-0.000555575
22.35833,-0.000557471
22.36667,-0.000559479
22.375,-0.000561122
22.38333,-0.000562057
22.39167,-0.00056196
22.4,-0.000560466
22.40833,-0.000558052
22.41667,-0.000556417
22.425,-0.000557106
22.43333,-0.000559963
22.44167,-0.000563536
22.45,-0.000566501
22.45833,-0.000568304
22.46667,-0.000568841
22.475,-0.000568349
22.48333,-0.000567526
22.49167,-0.000567053
22.5,-0.000566959
22.50833,-0.000566889
22.51667,-0.000566855
22.525,-0.000567157
22.53333,-0.000567731
22.54167,-0.000568196
22.55,-0.000568349
22.55833,-0.00056833
22.56667,-0.000568509
22.575,-0.000569157
22.58333,-0.000570253
22.59167,-0.000571948
22.6,-0.00057501
22.60833,-0.000579868
22.61667,-0.00058547
22.625,-0.000589769
22.63333,-0.000591401
22.64167,-0.000590574
22.65,-0.000588607
22.65833,-0.000586696
22.66667,-0.000584982
22.675,-0.000582773
22.68333,-0.000579808
22.69167,-0.000577118
22.7,-0.000576355
22.70833,-0.000578247
22.71667,-0.000581782
22.725,-0.000584863
22.73333,-0.000585843
22.74167,-0.000584755
22.75,-0.000582915
22.75833,-0.000581671
22.76667,-0.000581712
22.775,-0.000583086
22.78333,-0.000585258
22.79167,-0.000587385
22.8,-0.000588745
22.80833,-0.000589017
22.81667,-0.000588339
22.825,-0.000587095
22.83333,-0.000585791
22.84167,-0.000584997
22.85,-0.000585139
22.85833,-0.000586294
22.86667,-0.000587646
22.875,-0.000587456
22.88333,-0.000584804
22.89167,-0.000581104
22.9,-0.000578899
22.90833,-0.000579413
22.91667,-0.000581868
22.925,-0.000584658
22.93333,-0.000586819
22.94167,-0.000588331
22.95,-0.000589028
22.95833,-0.000587955
22.96667,-0.000584796
22.975,-0.000581067
22.98333,-0.000578683
22.99167,-0.000577942
23,-0.000577863
23.00833,-0.000577718
23.01667,-0.000577178
23.025,-0.000575718
23.03333,-0.000572942
23.04167,-0.000569124
23.05,-0.000564966
23.05833,-0.000561301
23.06667,-0.000559077
23.075,-0.000558648
23.08333,-0.000558965
23.09167,-0.000558306
23.1,-0.000555895
23.10833,-0.000552211
23.11667,-0.00054777
23.125,-0.000542294
23.13333,-0.000535723
23.14167,-0.000529498
23.15,-0.000525959
23.15833,-0.000526827
23.16667,-0.000532247
23.175,-0.000540681
23.18333,-0.000549655
23.19167,-0.000556972
23.2,-0.000561439
23.20833,-0.000562884
23.21667,-0.000561964
23.225,-0.000560038
23.23333,-0.000558782
23.24167,-0.000559427
23.25,-0.000562228
23.25833,-0.000566434
23.26667,-0.000570439
23.275,-0.000572294
23.28333,-0.000570871
23.29167,-0.000566695
23.3,-0.000561234
23.30833,-0.000555933
23.31667,-0.000551913
23.325,-0.00054967
23.33333,-0.000548635
23.34167,-0.000547633
23.35,-0.000545912
23.35833,-0.00054374
23.36667,-0.000542134
23.375,-0.000542004
23.38333,-0.000543166
23.39167,-0.000544205
23.4,-0.000543844
23.40833,-0.000542358
23.41667,-0.000541173
23.425,-0.000541367
23.43333,-0.000543017
23.44167,-0.000545628
23.45,-0.000548434
23.45833,-0.000550564
23.46667,-0.00055198
23.475,-0.000553999
23.48333,-0.000558127
23.49167,-0.000564594
23.5,-0.000572387
23.50833,-0.000580166
23.51667,-0.000586752
23.525,-0.000591502
23.53333,-0.000594541
23.54167,-0.000596575
23.55,-0.00059884
23.55833,-0.000602946
23.56667,-0.000609815
23.575,-0.000618648
23.58333,-0.00062725
23.59167,-0.000633542
23.6,-0.000637047
23.60833,-0.000639137
23.61667,-0.000641447
23.625,-0.000644077
23.63333,-0.000645813
23.64167,-0.000646133
23.65,-0.000646278
23.65833,-0.000647947
23.66667,-0.000650987
23.675,-0.000653297
23.68333,-0.000653289
23.69167,-0.000651617
23.7,-0.000649925
23.70833,-0.000648767
23.71667,-0.00064747
23.725,-0.000645846
23.73333,-0.000644952
23.74167,-0.00064585
23.75,-0.000648134
23.75833,-0.000650026
23.76667,-0.00065019
23.775,-0.000649307
23.78333,-0.000649374
23.79167,-0.000651658
23.8,-0.000655782
23.80833,-0.000660628
23.81667,-0.00066549
23.825,-0.000669997
23.83333,-0.000673246
23.84167,-0.000673827
23.85,-0.000671156
23.85833,-0.000666324
23.86667,-0.000661276
23.875,-0.000657737
23.88333,-0.000656676
23.89167,-0.000658087
23.9,-0.000661001
23.90833,-0.000663862
23.91667,-0.000665486
23.925,-0.000665814
23.93333,-0.000665724
23.94167,-0.000666093
23.95,-0.000667062
23.95833,-0.000668038
23.96667,-0.000668261
23.975,-0.000667255
23.98333,-0.00066505
23.99167,-0.000662506
24,-0.000661086
24.00833,-0.000661336
24.01667,-0.000662066
24.025,-0.000661936
24.03333,-0.000661165
24.04167,-0.000661068
24.05,-0.000662237
24.05833,-0.000663955
24.06667,-0.000665531
24.075,-0.000667471
24.08333,-0.000670642
24.09167,-0.000674829
24.1,-0.00067858
24.10833,-0.000680227
24.11667,-0.000679158
24.125,-0.000676308
24.13333,-0.000673495
24.14167,-0.000672273
24.15,-0.000673097
24.15833,-0.000675201
24.16667,-0.000677254
24.175,-0.000678055
24.18333,-0.000677045
24.19167,-0.000674356
24.2,-0.000670347
24.20833,-0.000665832
24.21667,-0.000662763
24.225,-0.000663344
24.23333,-0.000667788
24.24167,-0.000673536
24.25,-0.000677276
24.25833,-0.000677787
24.26667,-0.000676714
24.275,-0.000676718
24.28333,-0.000679005
24.29167,-0.000682555
24.3,-0.00068542
24.30833,-0.000686545
24.31667,-0.000686143
24.325,-0.000684548
24.33333,-0.000681471
24.34167,-0.000677105
24.35,-0.00067329
24.35833,-0.000671893
24.36667,-0.000672273
24.375,-0.000671659
24.38333,-0.000668231
24.39167,-0.000662871
24.4,-0.000658039
24.40833,-0.000655774
24.41667,-0.000656467
24.425,-0.00065881
24.43333,-0.000660725
24.44167,-0.00066077
24.45,-0.000659123
24.45833,-0.000657104
24.46667,-0.000655334
24.475,-0.000652567
24.48333,-0.000647064
24.49167,-0.000639007
24.5,-0.000631131
24.50833,-0.000626817
24.51667,-0.000627454
24.525,-0.000631396
24.53333,-0.000635527
24.54167,-0.000637826
24.55,-0.000638463
24.55833,-0.000638709
24.56667,-0.00063917
24.575,-0.000639405
24.58333,-0.000638649
24.59167,-0.000636149
24.6,-0.000631381
24.60833,-0.000624422
24.61667,-0.00061591
24.625,-0.00060688
24.63333,-0.000598561
24.64167,-0.00059161
24.65,-0.000585556
24.65833,-0.000579905
24.66667,-0.000575483
24.675,-0.000573825
24.68333,-0.000575144
24.69167,-0.000577737
24.7,-0.000579499
24.70833,-0.000579111
24.71667,-0.00057606
24.725,-0.000571091
24.73333,-0.000566568
24.74167,-0.000565194
24.75,-0.000567846
24.75833,-0.000572898
24.76667,-0.000577748
24.775,-0.000581127
24.78333,-0.00058369
24.79167,-0.000586469
24.8,-0.000589527
24.80833,-0.000592478
24.81667,-0.000595581
24.825,-0.000599582
24.83333,-0.000604365
24.84167,-0.000608537
24.85,-0.000611063
24.85833,-0.000612717
24.86667,-0.000615057
24.875,-0.000618693
24.88333,-0.000623293
24.89167,-0.000628404
24.9,-0.000633273
24.90833,-0.000636827
24.91667,-0.000638969
24.925,-0.000640683
24.93333,-0.000642501
24.94167,-0.00064408
24.95,-0.000645723
24.95833,-0.000648972
24.96667,-0.000654891
24.975,-0.000662331
24.98333,-0.000668783
24.99167,-0.000672888
25,-0.00067528
25.00833,-0.000677101
25.01667,-0.000678767
25.025,-0.000680313
25.03333,-0.000681896
25.04167,-0.000683401
25.05,-0.000684448
25.05833,-0.000685245
25.06667,-0.00068653
25.075,-0.000688504
25.08333,-0.000690784
25.09167,-0.000693169
25.1,-0.00069556
25.10833,-0.000697631
25.11667,-0.000699211
25.125,-0.00070075
25.13333,-0.000702862
25.14167,-0.00070535
25.15,-0.000707179
25.15833,-0.000707757
25.16667,-0.000707477
25.175,-0.000707097
25.18333,-0.000707556
25.19167,-0.000709817
25.2,-0.000713591
25.20833,-0.000716735
25.21667,-0.000716712
25.225,-0.00071251
25.23333,-0.000705089
25.24167,-0.000696544
25.25,-0.000688803
25.25833,-0.00068295
25.26667,-0.000679437
25.275,-0.000678122
25.28333,-0.000677899
25.29167,-0.000676956
25.3,-0.000674039
25.30833,-0.000668842
25.31667,-0.00066122
25.325,-0.000651274
25.33333,-0.000640288
25.34167,-0.000630233
25.35,-0.000621673
25.35833,-0.000612825
25.36667,-0.000601247
25.375,-0.000586167
25.38333,-0.000569072
25.39167,-0.000552099
25.4,-0.000536222
25.40833,-0.000521526
25.41667,-0.000508305
25.425,-0.000496659
25.43333,-0.000485484
25.44167,-0.000473063
25.45,-0.000458613
25.45833,-0.000442818
25.46667,-0.000427246
25.475,-0.000413381
25.48333,-0.00040159
25.49167,-0.000390664
25.5,-0.000378858
25.50833,-0.000365868
25.51667,-0.000353225
25.525,-0.000342637
25.53333,-0.000334591
25.54167,-0.000328224
25.55,-0.000321962
25.55833,-0.000314765
25.56667,-0.000306916
25.575,-0.000299357
25.58333,-0.0002928
25.59167,-0.000287376
25.6,-0.000282247
25.60833,-0.000276201
25.61667,-0.000269059
25.625,-0.000261754
25.63333,-0.00025497
25.64167,-0.000248276
25.65,-0.000240523
25.65833,-0.000231169
25.66667,-0.000221115
25.675,-0.000211731
25.68333,-0.000203144
25.69167,-0.000194069
25.7,-0.000183165
25.70833,-0.000170078
25.71667,-0.000155348
25.725,-0.000139993
25.73333,-0.000125352
25.74167,-0.000112757
25.75,-0.000102878
25.75833,-9.54E-05
25.76667,-8.92E-05
25.775,-8.25E-05
25.78333,-7.36E-05
25.79167,-6.27E-05
25.8,-5.16E-05
25.80833,-4.17E-05
25.81667,-3.35E-05
25.825,-2.66E-05
25.83333,-2.09E-05
25.84167,-1.74E-05
25.85,-1.69E-05
25.85833,-1.94E-05
25.86667,-2.33E-05
25.875,-2.66E-05
25.88333,-2.83E-05
25.89167,-2.93E-05
25.9,-3.26E-05
25.90833,-4.06E-05
25.91667,-5.31E-05
25.925,-6.79E-05
25.93333,-8.26E-05
25.94167,-9.54E-05
25.95,-0.000106625
25.95833,-0.000118252
25.96667,-0.00013262
25.975,-0.000150297
25.98333,-0.000170302
25.99167,-0.000191774
26,-0.000214201
26.00833,-0.000236299
26.01667,-0.000256416
26.025,-0.00027439
26.03333,-0.000292067
26.04167,-0.000311427
26.05,-0.000332639
26.05833,-0.000354268
26.06667,-0.00037501
26.075,-0.000394289
26.08333,-0.000411686
26.09167,-0.000427235
26.1,-0.000442147
26.10833,-0.000458043
26.11667,-0.000475522
26.125,-0.000493784
26.13333,-0.000511486
26.14167,-0.000527751
26.15,-0.000542417
26.15833,-0.000555657
26.16667,-0.00056776
26.175,-0.00057932
26.18333,-0.000590637
26.19167,-0.000600964
26.2,-0.000609346
26.20833,-0.000616256
26.21667,-0.000623543
26.225,-0.000632744
26.23333,-0.000643656
26.24167,-0.000654396
26.25,-0.000662889
26.25833,-0.000668738
26.26667,-0.00067357
26.275,-0.000679478
26.28333,-0.000687402
26.29167,-0.000696886
26.3,-0.000706606
26.30833,-0.000715118
26.31667,-0.000721682
26.325,-0.000726543
26.33333,-0.000730362
26.34167,-0.000733394
26.35,-0.000735488
26.35833,-0.000737064
26.36667,-0.00073931
26.375,-0.000742786
26.38333,-0.000746653
26.39167,-0.00074983
26.4,-0.000752252
26.40833,-0.000754565
26.41667,-0.000757113
26.425,-0.000759557
26.43333,-0.000761118
26.44167,-0.000761017
26.45,-0.000758983
26.45833,-0.000755608
26.46667,-0.000752308
26.475,-0.000750583
26.48333,-0.000751168
26.49167,-0.000753932
26.5,-0.000758063
26.50833,-0.000762038
26.51667,-0.000764098
26.525,-0.00076323
26.53333,-0.000759933
26.54167,-0.000756122
26.55,-0.000753686
26.55833,-0.000753149
26.56667,-0.000753887
26.575,-0.000755094
26.58333,-0.000756148
26.59167,-0.000756387
26.6,-0.000755146
26.60833,-0.000752397
26.61667,-0.000749126
26.625,-0.000746615
26.63333,-0.000745397
26.64167,-0.000744984
26.65,-0.000744477
26.65833,-0.000743277
26.66667,-0.00074096
26.675,-0.000736967
26.68333,-0.00073107
26.69167,-0.000724074
26.7,-0.000717755
26.70833,-0.000713937
26.71667,-0.000712898
26.725,-0.000712838
26.73333,-0.000711709
26.74167,-0.000709306
26.75,-0.000706524
26.75833,-0.000703596
26.76667,-0.000700243
26.775,-0.00069686
26.78333,-0.000694331
26.79167,-0.000692815
26.8,-0.000691563
26.80833,-0.000689965
26.81667,-0.000688348
26.825,-0.000687793
26.83333,-0.000689238
26.84167,-0.000692185
26.85,-0.000694294
26.85833,-0.000693087
26.86667,-0.000688434
26.875,-0.000683125
26.88333,-0.000680495
26.89167,-0.000681978
26.9,-0.00068697
26.90833,-0.00069344
26.91667,-0.000698388
26.925,-0.000699855
26.93333,-0.000698943
26.94167,-0.000698455
26.95,-0.000699822
26.95833,-0.000702329
26.96667,-0.000704929
26.975,-0.000707757
26.98333,-0.000711326
26.99167,-0.000714958
27,-0.000717331
27.00833,-0.000718262
27.01667,-0.000718717
27.025,-0.00071935
27.03333,-0.000719942
27.04167,-0.000719551
27.05,-0.000717081
27.05833,-0.000712518
27.06667,-0.000707593
27.075,-0.000704348
27.08333,-0.000703093
27.09167,-0.000702478
27.1,-0.000701442
27.10833,-0.000700168
27.11667,-0.000698976
27.125,-0.000697278
27.13333,-0.000694122
27.14167,-0.000689339
27.15,-0.00068358
27.15833,-0.000677727
27.16667,-0.00067259
27.175,-0.000668772
27.18333,-0.000666134
27.19167,-0.000663407
27.2,-0.000659004
27.20833,-0.000652708
27.21667,-0.000646114
27.225,-0.000640757
27.23333,-0.000636313
27.24167,-0.000631258
27.25,-0.000624761
27.25833,-0.000617236
27.26667,-0.000609625
27.275,-0.000602927
27.28333,-0.000598028
27.29167,-0.000595041
27.3,-0.000592686
27.30833,-0.000588924
27.31667,-0.000582483
27.325,-0.000573911
27.33333,-0.000565078
27.34167,-0.000557583
27.35,-0.000551872
27.35833,-0.000547644
27.36667,-0.000544306
27.375,-0.000540931
27.38333,-0.000536293
27.39167,-0.000529591
27.4,-0.000521094
27.40833,-0.000511788
27.41667,-0.000502788
27.425,-0.000494916
27.43333,-0.000488196
27.44167,-0.000481609
27.45,-0.000473969
27.45833,-0.000465091
27.46667,-0.000455935
27.475,-0.000447277
27.48333,-0.00043869
27.49167,-0.000429086
27.5,-0.000417709
27.50833,-0.000404596
27.51667,-0.000390638
27.525,-0.000377156
27.53333,-0.000364948
27.54167,-0.000353489
27.55,-0.000341155
27.55833,-0.000326626
27.56667,-0.00031022
27.575,-0.000293654
27.58333,-0.000278395
27.59167,-0.00026422
27.6,-0.000249472
27.60833,-0.000232879
27.61667,-0.000214785
27.625,-0.00019674
27.63333,-0.000180144
27.64167,-0.00016522
27.65,-0.000151187
27.65833,-0.000137396
27.66667,-0.000123989
27.675,-0.000111681
27.68333,-0.000101384
27.69167,-9.39E-05
27.7,-8.92E-05
27.70833,-8.61E-05
27.71667,-8.28E-05
27.725,-7.83E-05
27.73333,-7.31E-05
27.74167,-6.84E-05
27.75,-6.52E-05
27.75833,-6.45E-05
27.76667,-6.68E-05
27.775,-7.17E-05
27.78333,-7.78E-05
27.79167,-8.39E-05
27.8,-9.00E-05
27.80833,-9.75E-05
27.81667,-0.000108391
27.825,-0.000123009
27.83333,-0.000139661
27.84167,-0.000155952
27.85,-0.000170752
27.85833,-0.000184432
27.86667,-0.000197884
27.875,-0.000211768
27.88333,-0.00022608
27.89167,-0.000240296
27.9,-0.000254117
27.90833,-0.000267915
27.91667,-0.000282224
27.925,-0.000296928
27.93333,-0.000311438
27.94167,-0.000325743
27.95,-0.000340477
27.95833,-0.000355512
27.96667,-0.000369094
27.975,-0.000379242
27.98333,-0.000385962
27.99167,-0.000391543
28,-0.000398498
28.00833,-0.000407253
28.01667,-0.000415739
28.025,-0.000421409
28.03333,-0.000423562
28.04167,-0.00042367
28.05,-0.000423875
28.05833,-0.000425451
28.06667,-0.000428066
28.075,-0.000430163
28.08333,-0.000430249
28.09167,-0.000427887
28.1,-0.000423569
28.10833,-0.000418313
28.11667,-0.000413243
28.125,-0.000408702
28.13333,-0.000403862
28.14167,-0.000397615
28.15,-0.000389364
28.15833,-0.000378683
28.16667,-0.000364751
28.175,-0.00034662
28.18333,-0.000324268
28.19167,-0.00029945
28.2,-0.000274859
28.20833,-0.000251677
28.21667,-0.000228025
28.225,-0.000200227
28.23333,-0.000166033
28.24167,-0.000126429
28.25,-8.38E-05
28.25833,-3.90E-05
28.26667,9.47E-06
28.275,6.36E-05
28.28333,0.000124835
28.29167,0.000194386
28.3,0.000272822
28.30833,0.000359628
28.31667,0.000453256
28.325,0.000552204
28.33333,0.000656258
28.34167,0.000766933
28.35,0.000886519
28.35833,0.0010162
28.36667,0.001155451
28.375,0.00130301
28.38333,0.001457747
28.39167,0.001618601
28.4,0.00178428
28.40833,0.001953147
28.41667,0.002123147
28.425,0.002291679
28.43333,0.002455745
28.44167,0.002612282
28.45,0.002758939
28.45833,0.002895001
28.46667,0.003020953
28.475,0.00313649
28.48333,0.003239229
28.49167,0.00332585
28.5,0.003394004
28.50833,0.003442798
28.51667,0.003471732
28.525,0.003479879
28.53333,0.003466558
28.54167,0.003432438
28.55,0.003379799
28.55833,0.003311943
28.56667,0.003232554
28.575,0.003144972
28.58333,0.003051221
28.59167,0.002951708
28.6,0.002846189
28.60833,0.002734952
28.61667,0.002619416
28.625,0.002501778
28.63333,0.002384137
28.64167,0.00226808
28.65,0.002154823
28.65833,0.002045754
28.66667,0.001943253
28.675,0.00185005
28.68333,0.001767214
28.69167,0.001693849
28.7,0.001628801
28.70833,0.001571801
28.71667,0.00152307
28.725,0.00148309
28.73333,0.001452945
28.74167,0.001434177
28.75,0.001427595
28.75833,0.001432654
28.76667,0.001448415
28.775,0.001474965
28.78333,0.001513727
28.79167,0.001566213
28.8,0.001632687
28.80833,0.001712639
28.81667,0.001806527
28.825,0.001915969
28.83333,0.002041925
28.84167,0.00218394
28.85,0.002342407
28.85833,0.002520673
28.86667,0.002723977
28.875,0.002956748
28.88333,0.003222
28.89167,0.003523484
28.9,0.003867652
28.90833,0.004262909
28.91667,0.004717205
28.925,0.0052367
28.93333,0.005826533
28.94167,0.006491594
28.95,0.007235393
28.95833,0.008058198
28.96667,0.008956745
28.975,0.009925127
28.98333,0.01095475
28.99167,0.01203304
29,0.01314263
29.00833,0.01426246
29.01667,0.01537058
29.025,0.01644715
29.03333,0.0174753
29.04167,0.01843987
29.05,0.01932694
29.05833,0.02012553
29.06667,0.02082931
29.075,0.02143651
29.08333,0.02194818
29.09167,0.02236653
29.1,0.02269487
29.10833,0.0229388
29.11667,0.0231068
29.125,0.02320847
29.13333,0.02325176
29.14167,0.02324232
29.15,0.02318471
29.15833,0.02308362
29.16667,0.02294425
29.175,0.02277134
29.18333,0.02256864
29.19167,0.02233924
29.2,0.02208596
29.20833,0.02181148
29.21667,0.02151833
29.225,0.02120886
29.23333,0.02088499
29.24167,0.02054819
29.25,0.02019961
29.25833,0.01984024
29.26667,0.01947094
29.275,0.01909265
29.28333,0.01870708
29.29167,0.01831694
29.3,0.01792486
29.30833,0.01753194
29.31667,0.0171371
29.325,0.01673825
29.33333,0.01633446
29.34167,0.01592704
29.35,0.01551845
29.35833,0.0151105
29.36667,0.01470356
29.375,0.01429713
29.38333,0.01389122
29.39167,0.01348703
29.4,0.01308625
29.40833,0.01268945
29.41667,0.01229588
29.425,0.01190471
29.43333,0.01151631
29.44167,0.01113171
29.45,0.01075174
29.45833,0.01037682
29.46667,0.01000711
29.475,0.009642556
29.48333,0.009283114
29.49167,0.008929178
29.5,0.008581582
29.50833,0.008241225
29.51667,0.007908646
29.525,0.007583946
29.53333,0.007266946
29.54167,0.006957304
29.55,0.006654598
29.55833,0.006358527
29.56667,0.00606925
29.575,0.005787734
29.58333,0.005515255
29.59167,0.005252048
29.6,0.004996527
29.60833,0.004746541
29.61667,0.00450119
29.625,0.004261322
29.63333,0.004028708
29.64167,0.003804944
29.65,0.003590703
29.65833,0.003385704
29.66667,0.003189351
29.675,0.003001362
29.68333,0.002821706
29.69167,0.002650112
29.7,0.002485942
29.70833,0.002328668
29.71667,0.002178006
29.725,0.002033547
29.73333,0.001894914
29.74167,0.001762319
29.75,0.001636259
29.75833,0.00151664
29.76667,0.001402754
29.775,0.001294184
29.78333,0.001191363
29.79167,0.001095064
29.8,0.001005583
29.80833,0.000922497
29.81667,0.000844885
29.825,0.000771545
29.83333,0.000701118
29.84167,0.000632789
29.85,0.000567429
29.85833,0.000507232
29.86667,0.000453789
29.875,0.000406642
29.88333,0.000363819
29.89167,0.000323616
29.9,0.000285786
29.90833,0.000251181
29.91667,0.000220396
29.925,0.000192244
29.93333,0.000163555
29.94167,0.000131451
29.95,9.63E-05
29.95833,6.17E-05
29.96667,3.10E-05
29.975,5.21E-06
29.98333,-1.70E-05
29.99167,-3.71E-05
30,-5.56E-05
30.00833,-7.25E-05
30.01667,-8.83E-05
30.025,-0.000104211
30.03333,-0.000120848
30.04167,-0.000137728
30.05,-0.000153992
30.05833,-0.000169311
30.06667,-0.000183962
30.075,-0.000198402
30.08333,-0.000212651
30.09167,-0.00022592
30.1,-0.000237223
30.10833,-0.000246629
30.11667,-0.000255745
30.125,-0.000266779
30.13333,-0.000280611
30.14167,-0.000295848
30.15,-0.000310134
30.15833,-0.000322145
30.16667,-0.000331927
30.175,-0.000340205
30.18333,-0.000348028
30.19167,-0.000356518
30.2,-0.000366196
30.20833,-0.000376787
30.21667,-0.000387795
30.225,-0.000398889
30.23333,-0.000409808
30.24167,-0.000420123
30.25,-0.000429094
30.25833,-0.000436097
30.26667,-0.000441518
30.275,-0.000446815
30.28333,-0.000452943
30.29167,-0.000459451
30.3,-0.000465814
30.30833,-0.000472523
30.31667,-0.000480302
30.325,-0.000489209
30.33333,-0.000498727
30.34167,-0.000508122
30.35,-0.000516482
30.35833,-0.000522867
30.36667,-0.000527032
30.375,-0.000530057
30.38333,-0.000533644
30.39167,-0.00053845
30.4,-0.000543416
30.40833,-0.000547219
30.41667,-0.000550151
30.425,-0.000553951
30.43333,-0.000559963
30.44167,-0.000568003
30.45,-0.00057688
30.45833,-0.000585504
30.46667,-0.000593152
30.475,-0.000598952
30.48333,-0.000601903
30.49167,-0.000601854
30.5,-0.000599802
30.50833,-0.000596747
30.51667,-0.000593282
30.525,-0.00059041
30.53333,-0.000589822
30.54167,-0.00059307
30.55,-0.000600576
30.55833,-0.000611186
30.56667,-0.000622928
30.575,-0.000634171
30.58333,-0.000643827
30.59167,-0.000650864
30.6,-0.000654507
30.60833,-0.000655126
30.61667,-0.000654522
30.625,-0.000654601
30.63333,-0.000655953
30.64167,-0.00065792
30.65,-0.000659559
30.65833,-0.000660505
30.66667,-0.000661247
30.675,-0.000662413
30.68333,-0.000663754
30.69167,-0.000664521
30.7,-0.000665098
30.70833,-0.00066717
30.71667,-0.000671946
30.725,-0.000678901
30.73333,-0.00068659
30.74167,-0.000693973
30.75,-0.000700478
30.75833,-0.000705272
30.76667,-0.000707548
30.775,-0.000707522
30.78333,-0.000706684
30.79167,-0.000706684
30.8,-0.000708289
30.80833,-0.000711612
30.81667,-0.000716675
30.825,-0.000723075
30.83333,-0.00072958
30.84167,-0.000734799
30.85,-0.000738248
30.85833,-0.000740245
30.86667,-0.000741269
30.875,-0.000741828
30.88333,-0.000742678
30.89167,-0.000744708
30.9,-0.000748497
30.90833,-0.000753924
30.91667,-0.000760127
30.925,-0.000765916
30.93333,-0.000770446
30.94167,-0.00077356
30.95,-0.000775311
30.95833,-0.000775691
30.96667,-0.000775155
30.975,-0.000774868
30.98333,-0.00077584
30.99167,-0.000777796
31,-0.000779465
31.00833,-0.000780568
31.01667,-0.000782665
31.025,-0.000787139
31.03333,-0.000793438
31.04167,-0.000800058
31.05,-0.000805825
31.05833,-0.000809591
31.06667,-0.000810228
31.075,-0.000808001
31.08333,-0.000805121
31.09167,-0.000804074
31.1,-0.000805594
31.10833,-0.000808381
31.11667,-0.000810362
31.125,-0.000810418
31.13333,-0.000809308
31.14167,-0.000808884
31.15,-0.000810225
31.15833,-0.000812765
31.16667,-0.000815369
31.175,-0.000817798
31.18333,-0.000820372
31.19167,-0.000822619
31.2,-0.000823408
31.20833,-0.000822552
31.21667,-0.000821505
31.225,-0.000822268
31.23333,-0.000825886
31.24167,-0.00083163
31.25,-0.000837438
31.25833,-0.000841435
31.26667,-0.000843409
31.275,-0.000844751
31.28333,-0.000846986
31.29167,-0.000850223
31.3,-0.000853233
31.30833,-0.000854954
31.31667,-0.000855312
31.325,-0.000854719
31.33333,-0.00085374
31.34167,-0.000853214
31.35,-0.000853892
31.35833,-0.00085539
31.36667,-0.000856251
31.375,-0.000855733
31.38333,-0.000854828
31.39167,-0.000854749
31.4,-0.000855412
31.40833,-0.000856031
31.41667,-0.000856515
31.425,-0.000857681
31.43333,-0.00086011
31.44167,-0.000863213
31.45,-0.000865419
31.45833,-0.000865437
31.46667,-0.000863466
31.475,-0.000860907
31.48333,-0.000859208
31.49167,-0.000859447
31.5,-0.000862099
31.50833,-0.000866666
31.51667,-0.000871826
31.525,-0.000876326
31.53333,-0.000879414
31.54167,-0.000880543
31.55,-0.0008794
31.55833,-0.000876382
31.56667,-0.00087253
31.575,-0.000869062
31.58333,-0.000867151
31.59167,-0.000867482
31.6,-0.000869706
31.60833,-0.000872541
31.61667,-0.000874698
31.625,-0.000875883
31.63333,-0.000876695
31.64167,-0.000877474
31.65,-0.00087782
31.65833,-0.000877425
31.66667,-0.000876747
31.675,-0.000876986
31.68333,-0.00087953
31.69167,-0.00088473
31.7,-0.00089078
31.70833,-0.000894714
31.71667,-0.000894982
31.725,-0.000892803
31.73333,-0.000890829
31.74167,-0.000890832
31.75,-0.000892699
31.75833,-0.000895008
31.76667,-0.000896439
31.775,-0.000896908
31.78333,-0.000897192
31.79167,-0.000897501
31.8,-0.000897016
31.80833,-0.000895117
31.81667,-0.00089236
31.825,-0.000890095
31.83333,-0.000889584
31.84167,-0.000891201
31.85,-0.000893895
31.85833,-0.00089585
31.86667,-0.000896029
31.875,-0.000894763
31.88333,-0.000893258
31.89167,-0.000893027
31.9,-0.000895198
31.90833,-0.000899684
31.91667,-0.000905022
31.925,-0.000909258
31.93333,-0.000910979
31.94167,-0.000909917
31.95,-0.000907004
31.95833,-0.000904132
31.96667,-0.000903495
31.975,-0.000906244
31.98333,-0.000911254
31.99167,-0.000915591
32,-0.00091666
32.00834,-0.000914034
32.01667,-0.000909466
32.025,-0.000905614
32.03333,-0.000904284
32.04167,-0.000905469
32.05,-0.000907857
32.05833,-0.000909887
32.06667,-0.000910495
32.075,-0.00090947
32.08333,-0.000907291
32.09167,-0.000904623
32.1,-0.000902087
32.10833,-0.000900149
32.11666,-0.000898928
32.125,-0.000898298
32.13334,-0.000898235
32.14167,-0.000898827
32.15,-0.000899784
32.15833,-0.000900116
32.16667,-0.000898928
32.175,-0.000896514
32.18333,-0.000894263
32.19167,-0.000893172
32.2,-0.000893056
32.20833,-0.000893388
32.21667,-0.000894275
32.225,-0.000896163
32.23333,-0.000899088
32.24166,-0.000902366
32.25,-0.000905026
32.25834,-0.000906739
32.26667,-0.000908077
32.275,-0.000909474
32.28333,-0.000910457
32.29167,-0.000910197
32.3,-0.0009083
32.30833,-0.000905346
32.31667,-0.000902835
32.325,-0.000901889
32.33333,-0.000902031
32.34167,-0.000901826
32.35,-0.000900656
32.35833,-0.000899416
32.36666,-0.000899419
32.375,-0.000900969
32.38334,-0.000903249
32.39167,-0.000905242
32.4,-0.000906639
32.40833,-0.000908017
32.41667,-0.000910197
32.425,-0.000913143
32.43333,-0.000915576
32.44167,-0.000916213
32.45,-0.000915222
32.45833,-0.000913791
32.46667,-0.000912529
32.475,-0.000911038
32.48333,-0.000909124
32.49166,-0.000907708
32.5,-0.000908073
32.50834,-0.000910331
32.51667,-0.000913147
32.525,-0.000915218
32.53333,-0.000916723
32.54167,-0.000918724
32.55,-0.000921413
32.55833,-0.000923444
32.56667,-0.000922963
32.575,-0.000919458
32.58333,-0.000914391
32.59167,-0.000909753
32.6,-0.000906609
32.60833,-0.0009051
32.61666,-0.000904698
32.625,-0.00090465
32.63334,-0.000904854
32.64167,-0.000905823
32.65,-0.000907812
32.65833,-0.000910338
32.66667,-0.00091226
32.675,-0.00091238
32.68333,-0.000910316
32.69167,-0.000906777
32.7,-0.000902914
32.70833,-0.000899624
32.71667,-0.000897542
32.725,-0.000897367
32.73333,-0.000899632
32.74166,-0.000903703
32.75,-0.000907417
32.75834,-0.000908427
32.76667,-0.000906341
32.775,-0.000903186
32.78333,-0.000901144
32.79167,-0.000900202
32.8,-0.000898641
32.80833,-0.000895415
32.81667,-0.000891265
32.825,-0.000887476
32.83333,-0.000884712
32.84167,-0.000883281
32.85,-0.000883527
32.85833,-0.000885334
32.86666,-0.000887666
32.875,-0.000889082
32.88334,-0.000888579
32.89167,-0.000886072
32.9,-0.000882663
32.90833,-0.000880193
32.91667,-0.000879806
32.925,-0.00088105
32.93333,-0.000882566
32.94167,-0.0008833
32.95,-0.000882823
32.95833,-0.000881087
32.96667,-0.000878401
32.975,-0.000875674
32.98333,-0.000874061
32.99166,-0.000873879
33,-0.000874311
33.00834,-0.000874404
33.01667,-0.000873681
33.025,-0.000871759
33.03333,-0.000868563
33.04167,-0.000864934
33.05,-0.000862245
33.05833,-0.000861287
33.06667,-0.000861503
33.075,-0.00086138
33.08333,-0.000859805
33.09167,-0.000856943
33.1,-0.000853762
33.10833,-0.000850964
33.11666,-0.000848644
33.125,-0.000846803
33.13334,-0.000845827
33.14167,-0.000846174
33.15,-0.000847794
33.15833,-0.000849962
33.16667,-0.000851668
33.175,-0.000851929
33.18333,-0.000850014
33.19167,-0.000845954
33.2,-0.000840996
33.20833,-0.000837017
33.21667,-0.00083486
33.225,-0.000833504
33.23333,-0.000831336
33.24166,-0.000828013
33.25,-0.000824567
33.25834,-0.000822026
33.26667,-0.00082057
33.275,-0.000820231
33.28333,-0.000821564
33.29167,-0.000824891
33.3,-0.000829402
33.30833,-0.000833664
33.31667,-0.000836864
33.325,-0.000839643
33.33333,-0.000843555
33.34167,-0.000848923
33.35,-0.000853762
33.35833,-0.00085574
33.36666,-0.000854798
33.375,-0.000853032
33.38334,-0.000852402
33.39167,-0.000853352
33.4,-0.000855163
33.40833,-0.00085659
33.41667,-0.000856441
33.425,-0.000854842
33.43333,-0.000853747
33.44167,-0.000855118
33.45,-0.000858899
33.45833,-0.000863329
33.46667,-0.000866652
33.475,-0.000868566
33.48333,-0.000870325
33.49166,-0.000873398
33.5,-0.000878166
33.50834,-0.00088406
33.51667,-0.00089008
33.525,-0.000894904
33.53333,-0.000897534
33.54167,-0.000897978
33.55,-0.000896927
33.55833,-0.000895292
33.56667,-0.000894241
33.575,-0.000894841
33.58333,-0.000897355
33.59167,-0.000900909
33.6,-0.000903864
33.60833,-0.000905063
33.61666,-0.000905071
33.625,-0.000905734
33.63334,-0.000908315
33.64167,-0.000912391
33.65,-0.00091663
33.65833,-0.000920232
33.66667,-0.000923552
33.675,-0.000927787
33.68333,-0.000933826
33.69167,-0.000940893
33.7,-0.000947073
33.70833,-0.000951599
33.71667,-0.000955205
33.725,-0.000958107
33.73333,-0.00095959
33.74166,-0.000959896
33.75,-0.000960562
33.75834,-0.000962295
33.76667,-0.000964008
33.775,-0.000964411
33.78333,-0.000963561
33.79167,-0.000962962
33.8,-0.00096447
33.80833,-0.00096871
33.81667,-0.000974249
33.825,-0.00097885
33.83333,-0.000981662
33.84167,-0.000983875
33.85,-0.000987176
33.85833,-0.000992104
33.86666,-0.000997953
33.875,-0.001003738
33.88334,-0.001009028
33.89167,-0.001013905
33.9,-0.001018357
33.90833,-0.001021877
33.91667,-0.00102368
33.925,-0.001023322
33.93333,-0.001021359
33.94167,-0.001019504
33.95,-0.00101985
33.95833,-0.001023445
33.96667,-0.001029368
33.975,-0.00103524
33.98333,-0.001039155
33.99166,-0.001041055
34,-0.001042139
34.00834,-0.001043372
34.01667,-0.001044869
34.025,-0.001046531
34.03333,-0.001048364
34.04167,-0.001049925
34.05,-0.001050346
34.05833,-0.001049466
34.06667,-0.001048334
34.075,-0.001048468
34.08333,-0.001051001
34.09167,-0.001055811
34.1,-0.001059949
34.10833,-0.001056124
34.11666,-0.001032811
34.125,-0.000978358
34.13334,-0.000889823
34.14167,-0.000779972
34.15,-0.00067272
34.15833,-0.000589136
34.16667,-0.000538573
34.175,-0.000523254
34.18333,-0.000547208
34.19167,-0.000615485
34.2,-0.000723206
34.20833,-0.000848658
34.21667,-0.000961442
34.225,-0.001039606
34.23333,-0.001080018
34.24166,-0.001094159
34.25,-0.001096494
34.25834,-0.001096398
34.26667,-0.001097009
34.275,-0.00109807
34.28333,-0.001099266
34.29167,-0.001101371
34.3,-0.001105059
34.30833,-0.001109526
34.31667,-0.001113027
34.325,-0.001114853
34.33333,-0.001115773
34.34167,-0.001116261
34.35,-0.001115762
34.35833,-0.001114212
34.36666,-0.001113061
34.375,-0.00111391
34.38334,-0.001116667
34.39167,-0.001119524
34.4,-0.001120605
34.40833,-0.001119807
34.41667,-0.001119006
34.425,-0.00112018
34.43333,-0.001123536
34.44167,-0.001127414
34.45,-0.001129638
34.45833,-0.00112946
34.46667,-0.001128398
34.475,-0.001128595
34.48333,-0.001130465
34.49166,-0.001132786
34.5,-0.001134735
34.50834,-0.001136735
34.51667,-0.001139358
34.525,-0.001142334
34.53333,-0.001144722
34.54167,-0.001145843
34.55,-0.001146097
34.55833,-0.001146689
34.56667,-0.00114863
34.575,-0.00115205
34.58333,-0.001156271
34.59167,-0.001160391
34.6,-0.001163807
34.60833,-0.001166269
34.61666,-0.001167547
34.625,-0.001167484
34.63334,-0.00116675
34.64167,-0.001166932
34.65,-0.001169253
34.65833,-0.001173317
34.66667,-0.001177341
34.675,-0.00117952
34.68333,-0.001179252
34.69167,-0.001177277
34.7,-0.001174871
34.70833,-0.001173183
34.71667,-0.001172878
34.725,-0.001173791
34.73333,-0.001175284
34.74166,-0.00117702
34.75,-0.001178779
34.75834,-0.001179952
34.76667,-0.001180422
34.775,-0.001181111
34.78333,-0.00118272
34.79167,-0.001184586
34.8,-0.001185607
34.80833,-0.001185756
34.81667,-0.001185797
34.825,-0.001185775
34.83333,-0.001185115
34.84167,-0.001184288
34.85,-0.001184985
34.85833,-0.001187906
34.86666,-0.001191437
34.875,-0.001193445
34.88334,-0.001193617
34.89167,-0.00119314
34.9,-0.001192823
34.90833,-0.00119254
34.91667,-0.001191776
34.925,-0.001189973
34.93333,-0.001186814
34.94167,-0.001182724
34.95,-0.001178812
34.95833,-0.001176029
34.96667,-0.001174662
34.975,-0.001174554
34.98333,-0.00117531
34.99166,-0.001176402
35,-0.001177281
35.00834,-0.001177546
35.01667,-0.001177166
35.025,-0.001176368
35.03333,-0.001175202
35.04167,-0.001173396
35.05,-0.001170956
35.05833,-0.001168691
35.06667,-0.001167875
35.075,-0.001169197
35.08333,-0.00117214
35.09167,-0.001175128
35.1,-0.001176298
35.10833,-0.001174551
35.11666,-0.001170259
35.125,-0.001164977
35.13334,-0.001160242
35.14167,-0.001157023
35.15,-0.00115642
35.15833,-0.00115956
35.16667,-0.001165707
35.175,-0.001171622
35.18333,-0.001174252
35.19167,-0.001173362
35.2,-0.00117087
35.20833,-0.001168575
35.21667,-0.00116694
35.225,-0.001165271
35.23333,-0.001162611
35.24166,-0.001158837
35.25,-0.001155052
35.25834,-0.001152758
35.26667,-0.001152381
35.275,-0.001152746
35.28333,-0.001152076
35.29167,-0.001149375
35.3,-0.001145113
35.30833,-0.001140982
35.31667,-0.001138989
35.325,-0.001140315
35.33333,-0.001144554
35.34167,-0.001150057
35.35,-0.001155037
35.35833,-0.001158401
35.36666,-0.001160022
35.375,-0.001160529
35.38334,-0.001160491
35.39167,-0.001160037
35.4,-0.001159303
35.40833,-0.001158424
35.41667,-0.001157124
35.425,-0.001155049
35.43333,-0.001152094
35.44167,-0.001148466
35.45,-0.001145016
35.45833,-0.001143321
35.46667,-0.001144793
35.475,-0.001149438
35.48333,-0.001155403
35.49166,-0.001159724
35.5,-0.001160055
35.50834,-0.001156304
35.51667,-0.001150765
35.525,-0.00114641
35.53333,-0.001144823
35.54167,-0.001145214
35.55,-0.001145009
35.55833,-0.00114217
35.56667,-0.001137316
35.575,-0.001132872
35.58333,-0.001130555
35.59167,-0.001130555
35.6,-0.001132235
35.60833,-0.001134649
35.61666,-0.001136996
35.625,-0.001139116
35.63334,-0.001141138
35.64167,-0.001142621
35.65,-0.00114271
35.65833,-0.001141198
35.66667,-0.001138519
35.675,-0.001134768
35.68333,-0.001129586
35.69167,-0.001123253
35.7,-0.001117114
35.70833,-0.0011127
35.71667,-0.001110625
35.725,-0.001110211
35.73333,-0.001109969
35.74166,-0.001109067
35.75,-0.001108356
35.75834,-0.00110919
35.76667,-0.001111567
35.775,-0.001114115
35.78333,-0.001115378
35.79167,-0.001114909
35.8,-0.001113731
35.80833,-0.001113553
35.81667,-0.00111502
35.825,-0.001116924
35.83333,-0.001117349
35.84167,-0.001115259
35.85,-0.001110971
35.85833,-0.00110567
35.86666,-0.001101077
35.875,-0.001099028
35.88334,-0.001100492
35.89167,-0.001104724
35.9,-0.001109514
35.90833,-0.001112368
35.91667,-0.00111175
35.925,-0.001107778
35.93333,-0.001102027
35.94167,-0.001096688
35.95,-0.001093566
35.95833,-0.001093332
35.96667,-0.001095418
35.975,-0.00109848
35.98333,-0.001101084
35.99166,-0.001102172
36,-0.001101118
36.00834,-0.001097735
36.01667,-0.001092445
36.025,-0.001086384
36.03333,-0.001081225
36.04167,-0.001078159
36.05,-0.001076829
36.05833,-0.001075987
36.06667,-0.001074977
36.075,-0.001073956
36.08333,-0.001073159
36.09167,-0.001072776
36.1,-0.001073189
36.10833,-0.001074538
36.11666,-0.001076102
36.125,-0.001076769
36.13334,-0.001076363
36.14167,-0.001076046
36.15,-0.001076795
36.15833,-0.001077916
36.16667,-0.001077753
36.175,-0.001075711
36.18333,-0.001072664
36.19167,-0.001069516
36.2,-0.001066193
36.20833,-0.001062185
36.21667,-0.00105758
36.225,-0.001053214
36.23333,-0.001050074
36.24166,-0.001048889
36.25,-0.001049791
36.25834,-0.001052212
36.26667,-0.001055114
36.275,-0.001057278
36.28333,-0.001058053
36.29167,-0.001057975
36.3,-0.001057968
36.30833,-0.001057923
36.31667,-0.001056585
36.325,-0.001053002
36.33333,-0.001047894
36.34167,-0.001043279
36.35,-0.001040917
36.35833,-0.001041546
36.36666,-0.001044951
36.375,-0.001049899
36.38334,-0.001054313
36.39167,-0.001056258
36.4,-0.001054995
36.40833,-0.001051214
36.41667,-0.00104655
36.425,-0.001042798
36.43333,-0.001040887
36.44167,-0.0010405
36.45,-0.001040764
36.45833,-0.001040831
36.46667,-0.001040049
36.475,-0.001038175
36.48333,-0.001035731
36.49166,-0.001033634
36.5,-0.001032241
36.50834,-0.001030985
36.51667,-0.001029022
36.525,-0.001026038
36.53333,-0.001022127
36.54167,-0.00101747
36.55,-0.001013026
36.55833,-0.001010899
36.56667,-0.001012754
36.575,-0.001017906
36.58333,-0.001023963
36.59167,-0.001029111
36.6,-0.001033004
36.60833,-0.001035783
36.61666,-0.001037523
36.625,-0.001038879
36.63334,-0.001040962
36.64167,-0.001043752
36.65,-0.001045335
36.65833,-0.001043558
36.66667,-0.001038443
36.675,-0.001032341
36.68333,-0.001027543
36.69167,-0.001024414
36.7,-0.001022264
36.70833,-0.001021154
36.71667,-0.001021765
36.725,-0.0010239
36.73333,-0.00102612
36.74166,-0.001027144
36.75,-0.001027144
36.75834,-0.001027439
36.76667,-0.001028985
36.775,-0.001031395
36.78333,-0.001033582
36.79167,-0.00103512
36.8,-0.001036443
36.80833,-0.001037907
36.81667,-0.001038954
36.825,-0.001038447
36.83333,-0.001035865
36.84167,-0.001032207
36.85,-0.001029532
36.85833,-0.001029279
36.86666,-0.001030989
36.875,-0.001033138
36.88334,-0.001035083
36.89167,-0.001037534
36.9,-0.001041062
36.90833,-0.00104475
36.91667,-0.001046758
36.925,-0.00104624
36.93333,-0.001044307
36.94167,-0.001042642
36.95,-0.001041662
36.95833,-0.001040634
36.96667,-0.001039259
36.975,-0.001038391
36.98333,-0.001038991
36.99166,-0.001040611
37,-0.001041424
37.00834,-0.001040071
37.01667,-0.001037069
37.025,-0.001033731
37.03333,-0.001030598
37.04167,-0.001027826
37.05,-0.00102637
37.05833,-0.001027711
37.06667,-0.00103217
37.075,-0.001037955
37.08333,-0.00104234
37.09167,-0.001043573
37.1,-0.001041792
37.10833,-0.001038615
37.11666,-0.001036096
37.125,-0.001035616
37.13334,-0.001037002
37.14167,-0.001038875
37.15,-0.001040298
37.15833,-0.001041476
37.16667,-0.001042642
37.175,-0.001043361
37.18333,-0.001043346
37.19167,-0.001043361
37.2,-0.00104475
37.20833,-0.001048055
37.21667,-0.001052167
37.225,-0.001055099
37.23333,-0.001055773
37.24166,-0.001055058
37.25,-0.001054861
37.25834,-0.001056299
37.26667,-0.001058705
37.275,-0.001060586
37.28333,-0.001061462
37.29167,-0.001062237
37.3,-0.001063842
37.30833,-0.001066003
37.31667,-0.001067605
37.325,-0.001068152
37.33333,-0.001068484
37.34167,-0.001069635
37.35,-0.001071341
37.35833,-0.001072153
37.36666,-0.001070924
37.375,-0.001068149
37.38334,-0.001065806
37.39167,-0.001065534
37.4,-0.001067225
37.40833,-0.001069605
37.41667,-0.001071583
37.425,-0.001072809
37.43333,-0.001073614
37.44167,-0.001074858
37.45,-0.001077112
37.45833,-0.001079582
37.46667,-0.001080569
37.475,-0.001079138
37.48333,-0.001075938
37.49166,-0.001072582
37.5,-0.001070391
37.50834,-0.001069438
37.51667,-0.001068719
37.525,-0.001067482
37.53333,-0.001066271
37.54167,-0.001066461
37.55,-0.001068622
37.55833,-0.001071613
37.56667,-0.001073763
37.575,-0.001074463
37.58333,-0.001073983
37.59167,-0.001072425
37.6,-0.001069926
37.60833,-0.001067467
37.61666,-0.001066294
37.625,-0.00106658
37.63334,-0.001067277
37.64167,-0.001067407
37.65,-0.001067281
37.65833,-0.001067717
37.66667,-0.001068436
37.675,-0.001068667
37.68333,-0.00106883
37.69167,-0.001070108
37.7,-0.001072615
37.70833,-0.00107513
37.71667,-0.001076546
37.725,-0.001077101
37.73333,-0.001077715
37.74166,-0.001078211
37.75,-0.001077376
37.75834,-0.001075089
37.76667,-0.00107298
37.775,-0.001072586
37.78333,-0.001073733
37.79167,-0.001075141
37.8,-0.0010763
37.80833,-0.001078103
37.81667,-0.001081113
37.825,-0.001084052
37.83333,-0.001084894
37.84167,-0.00108292
37.85,-0.001079239
37.85833,-0.001075786
37.86666,-0.0010744
37.875,-0.001076113
37.88334,-0.001080155
37.89167,-0.001084127
37.9,-0.001085982
37.90833,-0.001085479
37.91667,-0.001083408
37.925,-0.001080304
37.93333,-0.001076572
37.94167,-0.001073197
37.95,-0.001071446
37.95833,-0.001072127
37.96667,-0.001075365
37.975,-0.001080766
37.98333,-0.001087394
37.99166,-0.001093652
38,-0.001098037
38.00834,-0.001100548
38.01667,-0.001102716
38.025,-0.001105785
38.03333,-0.001109306
38.04167,-0.001111928
38.05,-0.00111312
38.05833,-0.001113392
38.06667,-0.001113195
38.075,-0.001112524
38.08333,-0.001111533
38.09167,-0.00111055
38.1,-0.001109533
38.10833,-0.001108278
38.11666,-0.001107145
38.125,-0.001106959
38.13334,-0.001107905
38.14167,-0.001108911
38.15,-0.001108438
38.15833,-0.001106206
38.16667,-0.001103614
38.175,-0.001102258
38.18333,-0.001102615
38.19167,-0.001104049
38.2,-0.001105294
38.20833,-0.001105115
38.21667,-0.001103289
38.225,-0.001100834
38.23333,-0.001098976
38.24166,-0.001098156
38.25,-0.001098286
38.25834,-0.001099221
38.26667,-0.001100883
38.275,-0.00110323
38.28333,-0.001106083
38.29167,-0.001109049
38.3,-0.001111668
38.30833,-0.001113489
38.31667,-0.001114156
38.325,-0.001113568
38.33333,-0.00111182
38.34167,-0.001109101
38.35,-0.001106303
38.35833,-0.001105331
38.36666,-0.001107708
38.375,-0.001112603
38.38334,-0.001116991
38.39167,-0.001118336
38.4,-0.001116864
38.40833,-0.001114961
38.41667,-0.001114659
38.425,-0.001115791
38.43333,-0.001116268
38.44167,-0.001114249
38.45,-0.001110304
38.45833,-0.001106866
38.46667,-0.001105607
38.475,-0.001106411
38.48333,-0.001108598
38.49166,-0.001112033
38.5,-0.001116749
38.50834,-0.001122218
38.51667,-0.001127608
38.525,-0.001132201
38.53333,-0.001135238
38.54167,-0.001136318
38.55,-0.001136258
38.55833,-0.001136605
38.56667,-0.001137953
38.575,-0.001139518
38.58333,-0.001140524
38.59167,-0.001141373
38.6,-0.001142979
38.60833,-0.001145396
38.61666,-0.001147706
38.625,-0.001149252
38.63334,-0.001150284
38.64167,-0.001151267
38.65,-0.001152068
38.65833,-0.001152184
38.66667,-0.001151644
38.675,-0.001151048
38.68333,-0.001150563
38.69167,-0.001149815
38.7,-0.001148924
38.70833,-0.001148488
38.71667,-0.001148373
38.725,-0.001147479
38.73333,-0.001145009
38.74166,-0.001141381
38.75,-0.001138128
38.75834,-0.001137309
38.76667,-0.001140326
38.775,-0.001146413
38.78333,-0.00115284
38.79167,-0.001157116
38.8,-0.00115877
38.80833,-0.001158532
38.81667,-0.001156863
38.825,-0.001154371
38.83333,-0.00115272
38.84167,-0.001153536
38.85,-0.001156751
38.85833,-0.001160983
38.86666,-0.00116539
38.875,-0.001170099
38.88334,-0.001174897
38.89167,-0.0011786
38.9,-0.00118015
38.90833,-0.001179751
38.91667,-0.00117841
38.925,-0.001176737
38.93333,-0.00117505
38.94167,-0.001174185
38.95,-0.001174867
38.95833,-0.001176704
38.96667,-0.001178831
38.975,-0.001180954
38.98333,-0.001182914
38.99166,-0.001184035
39,-0.001183808
39.00834,-0.001182646
39.01667,-0.001181591
39.025,-0.001181517
39.03333,-0.001182649
39.04167,-0.001184352
39.05,-0.001185592
39.05833,-0.001186009
39.06667,-0.001186408
39.075,-0.001187813
39.08333,-0.001190156
39.09167,-0.001192391
39.1,-0.001193587
39.10833,-0.001193512
39.11666,-0.001192365
39.125,-0.001190331
39.13334,-0.001187623
39.14167,-0.001184918
39.15,-0.001183473
39.15833,-0.001184467
39.16667,-0.00118804
39.175,-0.001192749
39.18333,-0.001196202
39.19167,-0.001196947
39.2,-0.001195658
39.20833,-0.001194172
39.21667,-0.001193583
39.225,-0.001193497
39.23333,-0.001192763
39.24166,-0.001190614
39.25,-0.001187298
39.25834,-0.001184016
39.26667,-0.001182474
39.275,-0.001183908
39.28333,-0.001187939
39.29167,-0.001192212
39.3,-0.001193643
39.30833,-0.001190733
39.31667,-0.001184464
39.325,-0.00117733
39.33333,-0.001171805
39.34167,-0.001169242
39.35,-0.001169477
39.35833,-0.001171406
39.36666,-0.001174152
39.375,-0.001177497
39.38334,-0.001181211
39.39167,-0.001184192
39.4,-0.001184817
39.40833,-0.001182348
39.41667,-0.001177687
39.425,-0.0011728
39.43333,-0.001169391
39.44167,-0.0011678
39.45,-0.001167003
39.45833,-0.001165986
39.46667,-0.001164757
39.475,-0.001163382
39.48333,-0.00116099
39.49166,-0.001156703
39.5,-0.001150832
39.50834,-0.001144651
39.51667,-0.001139615
39.525,-0.001136925
39.53333,-0.001136903
39.54167,-0.001138646
39.55,-0.001140632
39.55833,-0.001141559
39.56667,-0.00114103
39.575,-0.001139734
39.58333,-0.001138564
39.59167,-0.001137823
39.6,-0.001137614
39.60833,-0.001138259
39.61666,-0.001139469
39.625,-0.001139645
39.63334,-0.001136992
39.64167,-0.001131527
39.65,-0.00112519
39.65833,-0.001120448
39.66667,-0.001119006
39.675,-0.001120813
39.68333,-0.001124047
39.69167,-0.001126826
39.7,-0.001128674
39.70833,-0.001130383
39.71667,-0.001132965
39.725,-0.001136396
39.73333,-0.001139197
39.74166,-0.001139432
39.75,-0.001136359
39.75834,-0.001131002
39.76667,-0.001125403
39.775,-0.001121551
39.78333,-0.001120515
39.79167,-0.001121562
39.8,-0.001122341
39.80833,-0.001120917
39.81667,-0.001117498
39.825,-0.001113646
39.83333,-0.001110341
39.84167,-0.001107648
39.85,-0.001105767
39.85833,-0.001105279
39.86666,-0.00110605
39.875,-0.001106728
39.88334,-0.001106095
39.89167,-0.001104359
39.9,-0.001102421
39.90833,-0.001100861
39.91667,-0.001100205
